#datetime	water.surf.Q.downstream-rs
1997-06-05T04:30:00	0
1997-06-05T04:31:00	0
1997-06-05T04:32:00	0
1997-06-05T04:33:00	0
1997-06-05T04:34:00	0
1997-06-05T04:35:00	0
1997-06-05T04:36:00	0
1997-06-05T04:37:00	0
1997-06-05T04:38:00	0
1997-06-05T04:39:00	0
1997-06-05T04:40:00	0
1997-06-05T04:41:00	0
1997-06-05T04:42:00	0
1997-06-05T04:43:00	0
1997-06-05T04:44:00	0
1997-06-05T04:45:00	0
1997-06-05T04:46:00	0
1997-06-05T04:47:00	0
1997-06-05T04:48:00	0
1997-06-05T04:49:00	0
1997-06-05T04:50:00	0
1997-06-05T04:51:00	0
1997-06-05T04:52:00	0
1997-06-05T04:53:00	0
1997-06-05T04:54:00	0
1997-06-05T04:55:00	0
1997-06-05T04:56:00	0
1997-06-05T04:57:00	0
1997-06-05T04:58:00	0
1997-06-05T04:59:00	0
1997-06-05T05:00:00	0
1997-06-05T05:01:00	0
1997-06-05T05:02:00	0
1997-06-05T05:03:00	0
1997-06-05T05:04:00	0
1997-06-05T05:05:00	0
1997-06-05T05:06:00	0
1997-06-05T05:07:00	0
1997-06-05T05:08:00	0
1997-06-05T05:09:00	0
1997-06-05T05:10:00	0
1997-06-05T05:11:00	0
1997-06-05T05:12:00	0
1997-06-05T05:13:00	0
1997-06-05T05:14:00	0
1997-06-05T05:15:00	0
1997-06-05T05:16:00	0
1997-06-05T05:17:00	0
1997-06-05T05:18:00	0
1997-06-05T05:19:00	0
1997-06-05T05:20:00	0
1997-06-05T05:21:00	0
1997-06-05T05:22:00	0
1997-06-05T05:23:00	0
1997-06-05T05:24:00	0
1997-06-05T05:25:00	0
1997-06-05T05:26:00	0
1997-06-05T05:27:00	0
1997-06-05T05:28:00	0
1997-06-05T05:29:00	0
1997-06-05T05:30:00	0
1997-06-05T05:31:00	0
1997-06-05T05:32:00	0
1997-06-05T05:33:00	0
1997-06-05T05:34:00	0
1997-06-05T05:35:00	0
1997-06-05T05:36:00	0
1997-06-05T05:37:00	0
1997-06-05T05:38:00	0
1997-06-05T05:39:00	0
1997-06-05T05:40:00	0
1997-06-05T05:41:00	0
1997-06-05T05:42:00	0
1997-06-05T05:43:00	0
1997-06-05T05:44:00	0
1997-06-05T05:45:00	0
1997-06-05T05:46:00	0
1997-06-05T05:47:00	0
1997-06-05T05:48:00	0
1997-06-05T05:49:00	0
1997-06-05T05:50:00	0
1997-06-05T05:51:00	2.936942e-24
1997-06-05T05:52:00	1.2520371e-16
1997-06-05T05:53:00	1.692292e-14
1997-06-05T05:54:00	7.923981e-13
1997-06-05T05:55:00	1.7444792e-11
1997-06-05T05:56:00	2.0326171e-10
1997-06-05T05:57:00	1.3881704e-09
1997-06-05T05:58:00	6.4912058e-09
1997-06-05T05:59:00	2.3071623e-08
1997-06-05T06:00:00	6.6748534e-08
1997-06-05T06:01:00	1.6476928e-07
1997-06-05T06:02:00	3.5902488e-07
1997-06-05T06:03:00	7.0818794e-07
1997-06-05T06:04:00	1.2889535e-06
1997-06-05T06:05:00	2.1963183e-06
1997-06-05T06:06:00	3.5425744e-06
1997-06-05T06:07:00	5.4546581e-06
1997-06-05T06:08:00	8.0698701e-06
1997-06-05T06:09:00	1.1530543e-05
1997-06-05T06:10:00	1.5978665e-05
1997-06-05T06:11:00	2.155127e-05
1997-06-05T06:12:00	2.8376879e-05
1997-06-05T06:13:00	3.6572772e-05
1997-06-05T06:14:00	4.6242629e-05
1997-06-05T06:15:00	5.7474437e-05
1997-06-05T06:16:00	7.0338778e-05
1997-06-05T06:17:00	8.4887761e-05
1997-06-05T06:18:00	0.00010115458
1997-06-05T06:19:00	0.00011915377
1997-06-05T06:20:00	0.00013888182
1997-06-05T06:21:00	0.0001603178
1997-06-05T06:22:00	0.00018342402
1997-06-05T06:23:00	0.00020814659
1997-06-05T06:24:00	0.00023441685
1997-06-05T06:25:00	0.00026215374
1997-06-05T06:26:00	0.00029126662
1997-06-05T06:27:00	0.00032165911
1997-06-05T06:28:00	0.00035323476
1997-06-05T06:29:00	0.00038593053
1997-06-05T06:30:00	0.00041984615
1997-06-05T06:31:00	0.00045551627
1997-06-05T06:32:00	0.00049422542
1997-06-05T06:33:00	0.00053819973
1997-06-05T06:34:00	0.00059059111
1997-06-05T06:35:00	0.00065528782
1997-06-05T06:36:00	0.00073662197
1997-06-05T06:37:00	0.00083904684
1997-06-05T06:38:00	0.0009668548
1997-06-05T06:39:00	0.0011240514
1997-06-05T06:40:00	0.0013144565
1997-06-05T06:41:00	0.0015419333
1997-06-05T06:42:00	0.0018105494
1997-06-05T06:43:00	0.0021245603
1997-06-05T06:44:00	0.0024882224
1997-06-05T06:45:00	0.002905529
1997-06-05T06:46:00	0.0033799005
1997-06-05T06:47:00	0.0039139255
1997-06-05T06:48:00	0.0045091449
1997-06-05T06:49:00	0.005165901
1997-06-05T06:50:00	0.0058832718
1997-06-05T06:51:00	0.006659064
1997-06-05T06:52:00	0.0074898861
1997-06-05T06:53:00	0.0083712842
1997-06-05T06:54:00	0.009297912
1997-06-05T06:55:00	0.010263748
1997-06-05T06:56:00	0.011262288
1997-06-05T06:57:00	0.012286839
1997-06-05T06:58:00	0.013330667
1997-06-05T06:59:00	0.014387251
1997-06-05T07:00:00	0.015450461
1997-06-05T07:01:00	0.016514698
1997-06-05T07:02:00	0.017575026
1997-06-05T07:03:00	0.01862723
1997-06-05T07:04:00	0.019667948
1997-06-05T07:05:00	0.020694761
1997-06-05T07:06:00	0.021706596
1997-06-05T07:07:00	0.022704249
1997-06-05T07:08:00	0.023691248
1997-06-05T07:09:00	0.024674596
1997-06-05T07:10:00	0.025665319
1997-06-05T07:11:00	0.026678517
1997-06-05T07:12:00	0.027733004
1997-06-05T07:13:00	0.028850192
1997-06-05T07:14:00	0.030052761
1997-06-05T07:15:00	0.031363159
1997-06-05T07:16:00	0.032802068
1997-06-05T07:17:00	0.034387097
1997-06-05T07:18:00	0.036131646
1997-06-05T07:19:00	0.038044397
1997-06-05T07:20:00	0.040128805
1997-06-05T07:21:00	0.042383172
1997-06-05T07:22:00	0.044801068
1997-06-05T07:23:00	0.04737192
1997-06-05T07:24:00	0.050081797
1997-06-05T07:25:00	0.052914333
1997-06-05T07:26:00	0.055851653
1997-06-05T07:27:00	0.058875475
1997-06-05T07:28:00	0.06196766
1997-06-05T07:29:00	0.06511116
1997-06-05T07:30:00	0.068290368
1997-06-05T07:31:00	0.071491703
1997-06-05T07:32:00	0.074703813
1997-06-05T07:33:00	0.07791768
1997-06-05T07:34:00	0.081126824
1997-06-05T07:35:00	0.084327832
1997-06-05T07:36:00	0.08752048
1997-06-05T07:37:00	0.090708859
1997-06-05T07:38:00	0.093902551
1997-06-05T07:39:00	0.097119585
1997-06-05T07:40:00	0.10039042
1997-06-05T07:41:00	0.10375982
1997-06-05T07:42:00	0.10728064
1997-06-05T07:43:00	0.11100385
1997-06-05T07:44:00	0.11497231
1997-06-05T07:45:00	0.11922173
1997-06-05T07:46:00	0.12378471
1997-06-05T07:47:00	0.12869273
1997-06-05T07:48:00	0.13397676
1997-06-05T07:49:00	0.13966532
1997-06-05T07:50:00	0.14578238
1997-06-05T07:51:00	0.15234444
1997-06-05T07:52:00	0.15935935
1997-06-05T07:53:00	0.1668258
1997-06-05T07:54:00	0.17473282
1997-06-05T07:55:00	0.18306041
1997-06-05T07:56:00	0.19178112
1997-06-05T07:57:00	0.2008608
1997-06-05T07:58:00	0.21026006
1997-06-05T07:59:00	0.2199365
1997-06-05T08:00:00	0.22984578
1997-06-05T08:01:00	0.23994368
1997-06-05T08:02:00	0.25018743
1997-06-05T08:03:00	0.26053736
1997-06-05T08:04:00	0.27095708
1997-06-05T08:05:00	0.28141505
1997-06-05T08:06:00	0.29188374
1997-06-05T08:07:00	0.30234095
1997-06-05T08:08:00	0.3127676
1997-06-05T08:09:00	0.32314879
1997-06-05T08:10:00	0.3334724
1997-06-05T08:11:00	0.34372956
1997-06-05T08:12:00	0.35391229
1997-06-05T08:13:00	0.36401528
1997-06-05T08:14:00	0.37403268
1997-06-05T08:15:00	0.38395938
1997-06-05T08:16:00	0.39378867
1997-06-05T08:17:00	0.40351173
1997-06-05T08:18:00	0.41312
1997-06-05T08:19:00	0.42260218
1997-06-05T08:20:00	0.43194625
1997-06-05T08:21:00	0.44113967
1997-06-05T08:22:00	0.45016679
1997-06-05T08:23:00	0.45901248
1997-06-05T08:24:00	0.46766001
1997-06-05T08:25:00	0.47609159
1997-06-05T08:26:00	0.48428968
1997-06-05T08:27:00	0.49223566
1997-06-05T08:28:00	0.49991164
1997-06-05T08:29:00	0.50729918
1997-06-05T08:30:00	0.51438111
1997-06-05T08:31:00	0.52114117
1997-06-05T08:32:00	0.52756232
1997-06-05T08:33:00	0.53363079
1997-06-05T08:34:00	0.53933245
1997-06-05T08:35:00	0.54465479
1997-06-05T08:36:00	0.54958642
1997-06-05T08:37:00	0.55411845
1997-06-05T08:38:00	0.55824286
1997-06-05T08:39:00	0.56195283
1997-06-05T08:40:00	0.5652439
1997-06-05T08:41:00	0.56811357
1997-06-05T08:42:00	0.57055891
1997-06-05T08:43:00	0.57257921
1997-06-05T08:44:00	0.57417446
1997-06-05T08:45:00	0.57534468
1997-06-05T08:46:00	0.57609153
1997-06-05T08:47:00	0.57642019
1997-06-05T08:48:00	0.57633507
1997-06-05T08:49:00	0.57584512
1997-06-05T08:50:00	0.57496023
1997-06-05T08:51:00	0.57369101
1997-06-05T08:52:00	0.57205194
1997-06-05T08:53:00	0.57005584
1997-06-05T08:54:00	0.56771803
1997-06-05T08:55:00	0.56505406
1997-06-05T08:56:00	0.56207979
1997-06-05T08:57:00	0.55881077
1997-06-05T08:58:00	0.5552634
1997-06-05T08:59:00	0.55145359
1997-06-05T09:00:00	0.54739702
1997-06-05T09:01:00	0.54310989
1997-06-05T09:02:00	0.53860748
1997-06-05T09:03:00	0.53390592
1997-06-05T09:04:00	0.52901942
1997-06-05T09:05:00	0.52396268
1997-06-05T09:06:00	0.51875097
1997-06-05T09:07:00	0.51339781
1997-06-05T09:08:00	0.50791657
1997-06-05T09:09:00	0.50232047
1997-06-05T09:10:00	0.49662164
1997-06-05T09:11:00	0.49083191
1997-06-05T09:12:00	0.48496175
1997-06-05T09:13:00	0.47901976
1997-06-05T09:14:00	0.4730134
1997-06-05T09:15:00	0.46695024
1997-06-05T09:16:00	0.46083808
1997-06-05T09:17:00	0.4546831
1997-06-05T09:18:00	0.44849059
1997-06-05T09:19:00	0.44226396
1997-06-05T09:20:00	0.43600526
1997-06-05T09:21:00	0.42971691
1997-06-05T09:22:00	0.42340222
1997-06-05T09:23:00	0.41706616
1997-06-05T09:24:00	0.41071418
1997-06-05T09:25:00	0.40435252
1997-06-05T09:26:00	0.39798605
1997-06-05T09:27:00	0.39161938
1997-06-05T09:28:00	0.38525546
1997-06-05T09:29:00	0.37889585
1997-06-05T09:30:00	0.37254193
1997-06-05T09:31:00	0.3661947
1997-06-05T09:32:00	0.35985425
1997-06-05T09:33:00	0.35352114
1997-06-05T09:34:00	0.3471956
1997-06-05T09:35:00	0.34087843
1997-06-05T09:36:00	0.33456945
1997-06-05T09:37:00	0.32826975
1997-06-05T09:38:00	0.32198015
1997-06-05T09:39:00	0.31570169
1997-06-05T09:40:00	0.3094362
1997-06-05T09:41:00	0.30318582
1997-06-05T09:42:00	0.29695287
1997-06-05T09:43:00	0.29074031
1997-06-05T09:44:00	0.28455162
1997-06-05T09:45:00	0.27839008
1997-06-05T09:46:00	0.2722598
1997-06-05T09:47:00	0.26616454
1997-06-05T09:48:00	0.2601088
1997-06-05T09:49:00	0.25409639
1997-06-05T09:50:00	0.24813105
1997-06-05T09:51:00	0.24221684
1997-06-05T09:52:00	0.23635715
1997-06-05T09:53:00	0.2305557
1997-06-05T09:54:00	0.22481553
1997-06-05T09:55:00	0.21914002
1997-06-05T09:56:00	0.2135319
1997-06-05T09:57:00	0.20799401
1997-06-05T09:58:00	0.20252895
1997-06-05T09:59:00	0.19713929
1997-06-05T10:00:00	0.19182728
1997-06-05T10:01:00	0.18659537
1997-06-05T10:02:00	0.18144536
1997-06-05T10:03:00	0.17637932
1997-06-05T10:04:00	0.17139921
1997-06-05T10:05:00	0.16650645
1997-06-05T10:06:00	0.16170283
1997-06-05T10:07:00	0.15698959
1997-06-05T10:08:00	0.15236755
1997-06-05T10:09:00	0.14783815
1997-06-05T10:10:00	0.14340191
1997-06-05T10:11:00	0.13905941
1997-06-05T10:12:00	0.13481092
1997-06-05T10:13:00	0.13065663
1997-06-05T10:14:00	0.1265965
1997-06-05T10:15:00	0.12263033
1997-06-05T10:16:00	0.11875785
1997-06-05T10:17:00	0.11497857
1997-06-05T10:18:00	0.11129205
1997-06-05T10:19:00	0.10769738
1997-06-05T10:20:00	0.10419385
1997-06-05T10:21:00	0.10078052
1997-06-05T10:22:00	0.097456343
1997-06-05T10:23:00	0.094220407
1997-06-05T10:24:00	0.091071434
1997-06-05T10:25:00	0.088008277
1997-06-05T10:26:00	0.08502958
1997-06-05T10:27:00	0.082134128
1997-06-05T10:28:00	0.079320587
1997-06-05T10:29:00	0.076587506
1997-06-05T10:30:00	0.073933482
1997-06-05T10:31:00	0.071357101
1997-06-05T10:32:00	0.068856925
1997-06-05T10:33:00	0.066431515
1997-06-05T10:34:00	0.064079314
1997-06-05T10:35:00	0.061798848
1997-06-05T10:36:00	0.059588563
1997-06-05T10:37:00	0.057446904
1997-06-05T10:38:00	0.055372275
1997-06-05T10:39:00	0.053363137
1997-06-05T10:40:00	0.051417913
1997-06-05T10:41:00	0.049535014
1997-06-05T10:42:00	0.047712829
1997-06-05T10:43:00	0.045949828
1997-06-05T10:44:00	0.044244438
1997-06-05T10:45:00	0.042595148
1997-06-05T10:46:00	0.041000381
1997-06-05T10:47:00	0.039458703
1997-06-05T10:48:00	0.037968636
1997-06-05T10:49:00	0.036528759
1997-06-05T10:50:00	0.035137691
1997-06-05T10:51:00	0.03379409
1997-06-05T10:52:00	0.032496631
1997-06-05T10:53:00	0.031243978
1997-06-05T10:54:00	0.030034874
1997-06-05T10:55:00	0.028868049
1997-06-05T10:56:00	0.027742233
1997-06-05T10:57:00	0.026656229
1997-06-05T10:58:00	0.025608776
1997-06-05T10:59:00	0.02459869
1997-06-05T11:00:00	0.02362477
1997-06-05T11:01:00	0.022685893
1997-06-05T11:02:00	0.021780906
1997-06-05T11:03:00	0.020908719
1997-06-05T11:04:00	0.020068236
1997-06-05T11:05:00	0.019258445
1997-06-05T11:06:00	0.018478312
1997-06-05T11:07:00	0.017726837
1997-06-05T11:08:00	0.017003069
1997-06-05T11:09:00	0.01630605
1997-06-05T11:10:00	0.015634881
1997-06-05T11:11:00	0.014988706
1997-06-05T11:12:00	0.014366656
1997-06-05T11:13:00	0.01376792
1997-06-05T11:14:00	0.013191699
1997-06-05T11:15:00	0.012637217
1997-06-05T11:16:00	0.012103721
1997-06-05T11:17:00	0.011590492
1997-06-05T11:18:00	0.01109683
1997-06-05T11:19:00	0.010622066
1997-06-05T11:20:00	0.010165543
1997-06-05T11:21:00	0.0097266333
1997-06-05T11:22:00	0.0093047321
1997-06-05T11:23:00	0.008899237
1997-06-05T11:24:00	0.0085095679
1997-06-05T11:25:00	0.0081351688
1997-06-05T11:26:00	0.0077755
1997-06-05T11:27:00	0.0074300379
1997-06-05T11:28:00	0.0070982855
1997-06-05T11:29:00	0.0067797615
1997-06-05T11:30:00	0.0064739855
1997-06-05T11:31:00	0.0061805118
1997-06-05T11:32:00	0.0058988878
1997-06-05T11:33:00	0.0056286822
1997-06-05T11:34:00	0.00536947
1997-06-05T11:35:00	0.0051208502
1997-06-05T11:36:00	0.0048824325
1997-06-05T11:37:00	0.0046538492
1997-06-05T11:38:00	0.0044347295
1997-06-05T11:39:00	0.004224726
1997-06-05T11:40:00	0.0040235026
1997-06-05T11:41:00	0.0038307284
1997-06-05T11:42:00	0.0036460911
1997-06-05T11:43:00	0.0034692965
1997-06-05T11:44:00	0.0033000663
1997-06-05T11:45:00	0.0031381419
1997-06-05T11:46:00	0.0029832732
1997-06-05T11:47:00	0.0028352235
1997-06-05T11:48:00	0.0026937597
1997-06-05T11:49:00	0.0025586544
1997-06-05T11:50:00	0.0024296762
1997-06-05T11:51:00	0.0023066078
1997-06-05T11:52:00	0.0021892234
1997-06-05T11:53:00	0.0020773099
1997-06-05T11:54:00	0.0019706485
1997-06-05T11:55:00	0.0018690313
1997-06-05T11:56:00	0.0017722582
1997-06-05T11:57:00	0.00168015
1997-06-05T11:58:00	0.0015925554
1997-06-05T11:59:00	0.0015093685
1997-06-05T12:00:00	0.0014305462
1997-06-05T12:01:00	0.00135611
1997-06-05T12:02:00	0.00128616
1997-06-05T12:03:00	0.0012208604
1997-06-05T12:04:00	0.0011604336
1997-06-05T12:05:00	0.0011051374
1997-06-05T12:06:00	0.0010552509
1997-06-05T12:07:00	0.0010110402
1997-06-05T12:08:00	0.00097274507
1997-06-05T12:09:00	0.00094055885
1997-06-05T12:10:00	0.00091461552
1997-06-05T12:11:00	0.00089498446
1997-06-05T12:12:00	0.00088166865
1997-06-05T12:13:00	0.00087460823
1997-06-05T12:14:00	0.00087368698
1997-06-05T12:15:00	0.00087873684
1997-06-05T12:16:00	0.00088954851
1997-06-05T12:17:00	0.00090587093
1997-06-05T12:18:00	0.00092742423
1997-06-05T12:19:00	0.00095390459
1997-06-05T12:20:00	0.00098500145
1997-06-05T12:21:00	0.0010204209
1997-06-05T12:22:00	0.0010599118
1997-06-05T12:23:00	0.0011033005
1997-06-05T12:24:00	0.0011505116
1997-06-05T12:25:00	0.0012015825
1997-06-05T12:26:00	0.0012566665
1997-06-05T12:27:00	0.0013160245
1997-06-05T12:28:00	0.0013799989
1997-06-05T12:29:00	0.0014489968
1997-06-05T12:30:00	0.0015234799
1997-06-05T12:31:00	0.001603964
1997-06-05T12:32:00	0.001691037
1997-06-05T12:33:00	0.0017854107
1997-06-05T12:34:00	0.001887987
1997-06-05T12:35:00	0.0019999251
1997-06-05T12:36:00	0.0021226772
1997-06-05T12:37:00	0.0022579702
1997-06-05T12:38:00	0.0024077322
1997-06-05T12:39:00	0.0025739805
1997-06-05T12:40:00	0.002758756
1997-06-05T12:41:00	0.0029641099
1997-06-05T12:42:00	0.0031922059
1997-06-05T12:43:00	0.0034454765
1997-06-05T12:44:00	0.0037267494
1997-06-05T12:45:00	0.0040392498
1997-06-05T12:46:00	0.0043864981
1997-06-05T12:47:00	0.0047720661
1997-06-05T12:48:00	0.0051992852
1997-06-05T12:49:00	0.0056709549
1997-06-05T12:50:00	0.0061890748
1997-06-05T12:51:00	0.0067546754
1997-06-05T12:52:00	0.0073677213
1997-06-05T12:53:00	0.0080270953
1997-06-05T12:54:00	0.0087306723
1997-06-05T12:55:00	0.0094753923
1997-06-05T12:56:00	0.010257468
1997-06-05T12:57:00	0.011072563
1997-06-05T12:58:00	0.011916036
1997-06-05T12:59:00	0.012783144
1997-06-05T13:00:00	0.013669268
1997-06-05T13:01:00	0.014570083
1997-06-05T13:02:00	0.01548171
1997-06-05T13:03:00	0.016400777
1997-06-05T13:04:00	0.017324507
1997-06-05T13:05:00	0.018250708
1997-06-05T13:06:00	0.019177726
1997-06-05T13:07:00	0.020104347
1997-06-05T13:08:00	0.021029774
1997-06-05T13:09:00	0.021953465
1997-06-05T13:10:00	0.022875067
1997-06-05T13:11:00	0.023794334
1997-06-05T13:12:00	0.024711024
1997-06-05T13:13:00	0.025624834
1997-06-05T13:14:00	0.026535364
1997-06-05T13:15:00	0.027442036
1997-06-05T13:16:00	0.028344065
1997-06-05T13:17:00	0.029240405
1997-06-05T13:18:00	0.030129801
1997-06-05T13:19:00	0.031010749
1997-06-05T13:20:00	0.031881481
1997-06-05T13:21:00	0.032739941
1997-06-05T13:22:00	0.033583969
1997-06-05T13:23:00	0.03441114
1997-06-05T13:24:00	0.035218894
1997-06-05T13:25:00	0.036004629
1997-06-05T13:26:00	0.03676562
1997-06-05T13:27:00	0.037499163
1997-06-05T13:28:00	0.038202588
1997-06-05T13:29:00	0.038873319
1997-06-05T13:30:00	0.039508894
1997-06-05T13:31:00	0.040107027
1997-06-05T13:32:00	0.040665597
1997-06-05T13:33:00	0.041182708
1997-06-05T13:34:00	0.041656721
1997-06-05T13:35:00	0.042086251
1997-06-05T13:36:00	0.042470135
1997-06-05T13:37:00	0.042807493
1997-06-05T13:38:00	0.043097753
1997-06-05T13:39:00	0.043340661
1997-06-05T13:40:00	0.043536227
1997-06-05T13:41:00	0.043684736
1997-06-05T13:42:00	0.043786701
1997-06-05T13:43:00	0.043842968
1997-06-05T13:44:00	0.04385455
1997-06-05T13:45:00	0.043822642
1997-06-05T13:46:00	0.043748651
1997-06-05T13:47:00	0.043634132
1997-06-05T13:48:00	0.043480735
1997-06-05T13:49:00	0.043290224
1997-06-05T13:50:00	0.043064434
1997-06-05T13:51:00	0.042805284
1997-06-05T13:52:00	0.042514689
1997-06-05T13:53:00	0.042194679
1997-06-05T13:54:00	0.041847121
1997-06-05T13:55:00	0.041474089
1997-06-05T13:56:00	0.041077465
1997-06-05T13:57:00	0.040659074
1997-06-05T13:58:00	0.040220752
1997-06-05T13:59:00	0.039764181
1997-06-05T14:00:00	0.039290957
1997-06-05T14:01:00	0.038802721
1997-06-05T14:02:00	0.038300924
1997-06-05T14:03:00	0.037787031
1997-06-05T14:04:00	0.037262455
1997-06-05T14:05:00	0.036728527
1997-06-05T14:06:00	0.036186405
1997-06-05T14:07:00	0.035637248
1997-06-05T14:08:00	0.035082031
1997-06-05T14:09:00	0.034521732
1997-06-05T14:10:00	0.033956919
1997-06-05T14:11:00	0.033388261
1997-06-05T14:12:00	0.032816242
1997-06-05T14:13:00	0.032241445
1997-06-05T14:14:00	0.031664386
1997-06-05T14:15:00	0.03108573
1997-06-05T14:16:00	0.030506054
1997-06-05T14:17:00	0.029925838
1997-06-05T14:18:00	0.029345296
1997-06-05T14:19:00	0.028764395
1997-06-05T14:20:00	0.028183008
1997-06-05T14:21:00	0.02760124
1997-06-05T14:22:00	0.027019283
1997-06-05T14:23:00	0.026437508
1997-06-05T14:24:00	0.025856445
1997-06-05T14:25:00	0.025276842
1997-06-05T14:26:00	0.024699483
1997-06-05T14:27:00	0.024125159
1997-06-05T14:28:00	0.023554672
1997-06-05T14:29:00	0.022988746
1997-06-05T14:30:00	0.022428084
1997-06-05T14:31:00	0.021873293
1997-06-05T14:32:00	0.021324897
1997-06-05T14:33:00	0.020783324
1997-06-05T14:34:00	0.020248922
1997-06-05T14:35:00	0.019721933
1997-06-05T14:36:00	0.019202568
1997-06-05T14:37:00	0.018690925
1997-06-05T14:38:00	0.018187087
1997-06-05T14:39:00	0.017691115
1997-06-05T14:40:00	0.017203065
1997-06-05T14:41:00	0.016722992
1997-06-05T14:42:00	0.016250961
1997-06-05T14:43:00	0.015787067
1997-06-05T14:44:00	0.015331422
1997-06-05T14:45:00	0.014884102
1997-06-05T14:46:00	0.0144452
1997-06-05T14:47:00	0.014014791
1997-06-05T14:48:00	0.013592924
1997-06-05T14:49:00	0.013179646
1997-06-05T14:50:00	0.012774964
1997-06-05T14:51:00	0.012378887
1997-06-05T14:52:00	0.011991396
1997-06-05T14:53:00	0.011612481
1997-06-05T14:54:00	0.011242105
1997-06-05T14:55:00	0.010880219
1997-06-05T14:56:00	0.01052679
1997-06-05T14:57:00	0.010181759
1997-06-05T14:58:00	0.0098450603
1997-06-05T14:59:00	0.0095166527
1997-06-05T15:00:00	0.0091964398
1997-06-05T15:01:00	0.0088843638
1997-06-05T15:02:00	0.0085803382
1997-06-05T15:03:00	0.0082842764
1997-06-05T15:04:00	0.0079960916
1997-06-05T15:05:00	0.0077156788
1997-06-05T15:06:00	0.0074429424
1997-06-05T15:07:00	0.0071777645
1997-06-05T15:08:00	0.0069200387
1997-06-05T15:09:00	0.0066696485
1997-06-05T15:10:00	0.0064264624
1997-06-05T15:11:00	0.0061903638
1997-06-05T15:12:00	0.0059612165
1997-06-05T15:13:00	0.0057388972
1997-06-05T15:14:00	0.0055232588
1997-06-05T15:15:00	0.0053141741
1997-06-05T15:16:00	0.0051115062
1997-06-05T15:17:00	0.0049151126
1997-06-05T15:18:00	0.0047248611
1997-06-05T15:19:00	0.0045406106
1997-06-05T15:20:00	0.0043622283
1997-06-05T15:21:00	0.0041895751
1997-06-05T15:22:00	0.004022514
1997-06-05T15:23:00	0.0038609174
1997-06-05T15:24:00	0.003704651
1997-06-05T15:25:00	0.0035535856
1997-06-05T15:26:00	0.0034075947
1997-06-05T15:27:00	0.0032665513
1997-06-05T15:28:00	0.00313033
1997-06-05T15:29:00	0.0029988126
1997-06-05T15:30:00	0.002871877
1997-06-05T15:31:00	0.0027494053
1997-06-05T15:32:00	0.0026312817
1997-06-05T15:33:00	0.0025173936
1997-06-05T15:34:00	0.0024076267
1997-06-05T15:35:00	0.0023018711
1997-06-05T15:36:00	0.0022000195
1997-06-05T15:37:00	0.0021019652
1997-06-05T15:38:00	0.0020076011
1997-06-05T15:39:00	0.0019168246
1997-06-05T15:40:00	0.0018295335
1997-06-05T15:41:00	0.0017456278
1997-06-05T15:42:00	0.0016650072
1997-06-05T15:43:00	0.0015875746
1997-06-05T15:44:00	0.0015132347
1997-06-05T15:45:00	0.0014418926
1997-06-05T15:46:00	0.0013734547
1997-06-05T15:47:00	0.0013078294
1997-06-05T15:48:00	0.0012449275
1997-06-05T15:49:00	0.0011846609
1997-06-05T15:50:00	0.0011269427
1997-06-05T15:51:00	0.0010716863
1997-06-05T15:52:00	0.0010188096
1997-06-05T15:53:00	0.00096823042
1997-06-05T15:54:00	0.00091986789
1997-06-05T15:55:00	0.00087364361
1997-06-05T15:56:00	0.00082948105
1997-06-05T15:57:00	0.00078730524
1997-06-05T15:58:00	0.00074704306
1997-06-05T15:59:00	0.00070862216
1997-06-05T16:00:00	0.00067197322
