#datetime;AU#1:gas.atm.V.windspeed;AU#1:gas.atm.degree.mainwinddir;AU#1:gas.atm.degree.winddir;AU#2:gas.atm.V.windspeed;AU#2:gas.atm.degree.mainwinddir;AU#2:gas.atm.degree.winddir;AU#3:gas.atm.V.windspeed;AU#3:gas.atm.degree.mainwinddir;AU#3:gas.atm.degree.winddir;AU#4:gas.atm.V.windspeed;AU#4:gas.atm.degree.mainwinddir;AU#4:gas.atm.degree.winddir
19910812T090000;25;310;0;25;310;0;25;310;0;25;310;0
19910812T100000;NA;NA;296;NA;NA;318;NA;NA;282;NA;NA;315
19910812T110000;30;NA;303;30;NA;332;30;NA;297;30;NA;315
19910812T120000;NA;NA;318;NA;NA;275;NA;NA;280;NA;NA;329
19910812T130000;45;NA;266;45;NA;288;45;NA;348;45;NA;316
19910812T140000;NA;NA;309;NA;NA;354;NA;NA;337;NA;NA;290
19910812T150000;55;NA;272;55;NA;267;55;NA;284;55;NA;299
19910812T160000;NA;NA;298;NA;NA;296;NA;NA;288;NA;NA;339
19910812T170000;30;NA;322;30;NA;267;30;NA;314;30;NA;324
19910812T180000;NA;290;325;NA;290;303;NA;290;286;NA;290;267
19910812T190000;20;NA;284;20;NA;326;20;NA;253;20;NA;312
19910812T200000;NA;NA;303;NA;NA;304;NA;NA;303;NA;NA;333
19910812T210000;15;NA;300;15;NA;330;15;NA;298;15;NA;280
19910812T220000;NA;NA;323;NA;NA;275;NA;NA;334;NA;NA;316
19910812T230000;10;NA;254;10;NA;286;10;NA;327;10;NA;253
19910813T000000;NA;NA;284;NA;NA;286;NA;NA;290;NA;NA;282
19910813T010000;5;NA;261;5;NA;315;5;NA;326;5;NA;332
19910813T020000;NA;NA;297;NA;NA;281;NA;NA;315;NA;NA;288
19910813T030000;5;NA;274;5;NA;325;5;NA;335;5;NA;283
19910813T040000;NA;NA;301;NA;NA;261;NA;NA;269;NA;NA;255
19910813T050000;10;NA;291;10;NA;289;10;NA;262;10;NA;299
19910813T060000;NA;NA;322;NA;NA;290;NA;NA;293;NA;NA;255
19910813T063000;NA;320;NA;NA;320;NA;NA;320;NA;NA;320;NA
19910813T070000;30;NA;323;30;NA;323;30;NA;321;30;NA;332
19910813T080000;NA;NA;4;NA;NA;354;NA;NA;328;NA;NA;303
19910813T090000;50;NA;331;50;NA;303;50;NA;341;50;NA;3
19910813T100000;NA;NA;280;NA;NA;354;NA;NA;331;NA;NA;309
19910813T110000;75;NA;347;75;NA;283;75;NA;285;75;NA;276
19910813T120000;NA;NA;320;NA;NA;303;NA;NA;321;NA;NA;278
19910813T130000;95;NA;327;95;NA;307;95;NA;317;95;NA;280
19910813T140000;NA;NA;341;NA;NA;275;NA;NA;314;NA;NA;300
19910813T145000;NA;350;NA;NA;350;NA;NA;350;NA;NA;350;NA
19910813T150000;105;NA;25;105;NA;306;105;NA;34;105;NA;307
19910813T160000;NA;NA;35;NA;NA;350;NA;NA;35;NA;NA;11
19910813T170000;70;NA;14;70;NA;327;70;NA;326;70;NA;351
19910813T180000;NA;NA;317;NA;NA;308;NA;NA;22;NA;NA;2
19910813T190000;45;NA;325;45;NA;349;45;NA;319;45;NA;342
19910813T200000;NA;NA;310;NA;NA;324;NA;NA;315;NA;NA;24
19910813T210000;30;NA;307;30;NA;336;30;NA;307;30;NA;10
19910813T215000;NA;320;NA;NA;320;NA;NA;320;NA;NA;320;NA
19910813T220000;NA;NA;291;NA;NA;357;NA;NA;304;NA;NA;317
19910813T230000;10;NA;280;10;NA;317;10;NA;308;10;NA;358
19910814T000000;NA;NA;308;NA;NA;337;NA;NA;288;NA;NA;353
19910814T010000;10;NA;343;10;NA;336;10;NA;308;10;NA;353
19910814T020000;NA;NA;276;NA;NA;338;NA;NA;312;NA;NA;303
19910814T030000;10;NA;333;10;NA;295;10;NA;282;10;NA;281
19910814T040000;NA;NA;301;NA;NA;306;NA;NA;322;NA;NA;326
19910814T042000;NA;250;NA;NA;250;NA;NA;250;NA;NA;250;NA
19910814T050000;10;NA;290;10;NA;262;10;NA;246;10;NA;220
19910814T060000;NA;NA;261;NA;NA;240;NA;NA;252;NA;NA;250
19910814T070000;10;NA;273;10;NA;206;10;NA;212;10;NA;246
19910814T080000;NA;NA;216;NA;NA;220;NA;NA;228;NA;NA;222
19910814T090000;15;NA;290;15;NA;275;15;NA;205;15;NA;273
19910814T093000;NA;200;NA;NA;200;NA;NA;200;NA;NA;200;NA
19910814T100000;NA;NA;155;NA;NA;232;NA;NA;195;NA;NA;185
19910814T110000;25;NA;157;25;NA;177;25;NA;173;25;NA;239
19910814T120000;NA;NA;226;NA;NA;218;NA;NA;162;NA;NA;155
19910814T130000;35;NA;163;35;NA;213;35;NA;207;35;NA;221
19910814T140000;NA;NA;197;NA;NA;224;NA;NA;182;NA;NA;228
19910814T150000;40;NA;187;40;NA;231;40;NA;208;40;NA;164
19910814T153000;NA;230;NA;NA;230;NA;NA;230;NA;NA;230;NA
19910814T160000;NA;NA;270;NA;NA;232;NA;NA;234;NA;NA;197
19910814T170000;30;NA;236;30;NA;250;30;NA;241;30;NA;231
19910814T180000;NA;NA;241;NA;NA;262;NA;NA;189;NA;NA;238
19910814T190000;20;NA;244;20;NA;266;20;NA;224;20;NA;220
19910814T200000;NA;NA;268;NA;NA;229;NA;NA;215;NA;NA;188
19910814T210000;15;NA;199;15;NA;190;15;NA;209;15;NA;256
19910814T220000;NA;NA;212;NA;NA;206;NA;NA;263;NA;NA;224
19910814T230000;15;NA;256;15;NA;232;15;NA;205;15;NA;185
19910815T000000;NA;NA;217;NA;NA;259;NA;NA;265;NA;NA;198
19910815T010000;15;NA;257;15;NA;246;15;NA;237;15;NA;214
19910815T020000;NA;NA;191;NA;NA;200;NA;NA;215;NA;NA;202
19910815T030000;15;NA;212;15;NA;240;15;NA;204;15;NA;256
19910815T040000;NA;NA;253;NA;NA;240;NA;NA;227;NA;NA;226
19910815T050000;10;NA;185;10;NA;195;10;NA;239;10;NA;240
19910815T060000;NA;NA;271;NA;NA;245;NA;NA;266;NA;NA;234
19910815T070000;10;NA;243;10;NA;245;10;NA;224;10;NA;208
19910815T080000;NA;NA;199;NA;NA;199;NA;NA;223;NA;NA;215
19910815T084500;NA;270;NA;NA;270;NA;NA;270;NA;NA;270;NA
19910815T090000;20;NA;295;20;NA;280;20;NA;232;20;NA;299
19910815T100000;NA;NA;266;NA;NA;313;NA;NA;225;NA;NA;233
19910815T110000;20;NA;244;20;NA;311;20;NA;252;20;NA;291
19910815T120000;NA;NA;276;NA;NA;305;NA;NA;242;NA;NA;244
19910815T130000;20;NA;282;20;NA;256;20;NA;262;20;NA;271
19910815T140000;NA;NA;297;NA;NA;234;NA;NA;254;NA;NA;268
19910815T150000;30;NA;277;30;NA;230;30;NA;277;30;NA;253
19910815T160000;NA;NA;226;NA;NA;279;NA;NA;305;NA;NA;264
19910815T170000;30;NA;243;30;NA;229;30;NA;300;30;NA;292
19910815T180000;NA;NA;259;NA;NA;255;NA;NA;269;NA;NA;300
19910815T190000;20;NA;293;20;NA;299;20;NA;276;20;NA;252
19910815T200000;NA;NA;294;NA;NA;239;NA;NA;244;NA;NA;242
19910815T210000;15;NA;300;15;NA;243;15;NA;286;15;NA;292
19910815T220000;NA;NA;311;NA;NA;300;NA;NA;313;NA;NA;288
19910815T230000;15;NA;248;15;NA;310;15;NA;263;15;NA;235
19910816T000000;NA;NA;262;NA;NA;248;NA;NA;271;NA;NA;315
19910816T010000;10;NA;281;10;NA;303;10;NA;315;10;NA;253
19910816T020000;NA;NA;281;NA;NA;297;NA;NA;290;NA;NA;310
19910816T030000;10;280;283;10;280;321;10;280;284;10;280;247
19910816T040000;NA;NA;249;NA;NA;300;NA;NA;237;NA;NA;285
19910816T050000;10;NA;293;10;NA;317;10;NA;273;10;NA;264
19910816T060000;NA;NA;309;NA;NA;257;NA;NA;269;NA;NA;243
19910816T070000;30;NA;253;30;NA;286;30;NA;287;30;NA;287
19910816T080000;NA;NA;236;NA;NA;300;NA;NA;270;NA;NA;254
19910816T090000;45;NA;275;45;NA;271;45;NA;300;45;NA;260
19910816T100000;NA;NA;300;NA;NA;259;NA;NA;271;NA;NA;276
19910816T110000;55;NA;235;55;NA;237;55;NA;324;55;NA;313
19910816T120000;NA;NA;279;NA;NA;245;NA;NA;271;NA;NA;243
19910816T130000;60;NA;315;60;NA;313;60;NA;284;60;NA;318
19910816T140000;NA;NA;262;NA;NA;316;NA;NA;309;NA;NA;269
19910816T150000;50;NA;309;50;NA;323;50;NA;282;50;NA;325
19910816T160000;NA;NA;320;NA;NA;309;NA;NA;288;NA;NA;277
19910816T170000;25;NA;275;25;NA;256;25;NA;239;25;NA;278
19910816T180000;NA;NA;237;NA;NA;303;NA;NA;284;NA;NA;316
19910816T190000;20;NA;268;20;NA;318;20;NA;308;20;NA;289
19910816T200000;NA;NA;285;NA;NA;257;NA;NA;236;NA;NA;293
19910816T210000;10;320;339;10;320;351;10;320;335;10;320;289
19910816T220000;NA;NA;289;NA;NA;307;NA;NA;320;NA;NA;277
19910816T230000;10;NA;329;10;NA;299;10;NA;302;10;NA;348
19910817T000000;NA;NA;1;NA;NA;338;NA;NA;339;NA;NA;285
19910817T010000;10;NA;315;10;NA;299;10;NA;342;10;NA;314
19910817T020000;NA;NA;0;NA;NA;308;NA;NA;307;NA;NA;335
19910817T030000;10;NA;294;10;NA;324;10;NA;300;10;NA;325
19910817T040000;NA;NA;2;NA;NA;340;NA;NA;1;NA;NA;309
19910817T050000;10;NA;358;10;NA;295;10;NA;304;10;NA;353
19910817T060000;NA;NA;308;NA;NA;322;NA;NA;332;NA;NA;354
19910817T070000;NA;NA;328;NA;NA;309;NA;NA;297;NA;NA;319
19910817T080000;NA;NA;291;NA;NA;303;NA;NA;324;NA;NA;1
19910817T090000;25;NA;296;25;NA;339;25;NA;301;25;NA;355
