#datetime;RU#1:examples.RU.S.stock;RU#2:examples.RU.S.stock;RU#3:examples.RU.S.stock;RU#4:examples.RU.S.stock;RU#5:examples.RU.S.stock;RU#6:examples.RU.S.stock;RU#7:examples.RU.S.stock;RU#8:examples.RU.S.stock;RU#9:examples.RU.S.stock;RU#10:examples.RU.S.stock;RU#11:examples.RU.S.stock;RU#12:examples.RU.S.stock;RU#13:examples.RU.S.stock;RU#14:examples.RU.S.stock;RU#15:examples.RU.S.stock;RU#16:examples.RU.S.stock;RU#17:examples.RU.S.stock;RU#18:examples.RU.S.stock;RU#19:examples.RU.S.stock;RU#20:examples.RU.S.stock;RU#21:examples.RU.S.stock;RU#22:examples.RU.S.stock;RU#23:examples.RU.S.stock;RU#24:examples.RU.S.stock;RU#25:examples.RU.S.stock;RU#26:examples.RU.S.stock;RU#27:examples.RU.S.stock;RU#28:examples.RU.S.stock;RU#29:examples.RU.S.stock;RU#30:examples.RU.S.stock;RU#31:examples.RU.S.stock;RU#32:examples.RU.S.stock;RU#33:examples.RU.S.stock
20130531T090000;500;500;300;300;500;500;500;300;300;300;300;300;500;300;500;200;400;200;300;200;300;200;500;400;200;300;500;400;300;200;400;200;300
20130531T090100;478;492;302;310;490;480;486;304;286;304;320;318;502;296;498;190;406;214;288;192;296;204;500;400;200;304;524;398;292;206;408;194;318
20130531T090200;456;484;304;320;480;460;472;308;272;308;340;336;504;292;496;180;412;228;276;184;292;208;500;400;200;308;548;396;284;212;416;188;336
20130531T090300;434;476;306;330;470;440;458;312;258;312;360;354;506;288;494;170;418;242;264;176;288;212;500;400;200;312;572;394;276;218;424;182;354
20130531T090400;412;468;308;340;460;420;444;316;244;316;380;372;508;284;492;160;424;256;252;168;284;216;500;400;200;316;596;392;268;224;432;176;372
20130531T090500;390;460;310;350;466;400;430;312;230;328;400;366;522;280;490;166;430;238;256;160;280;212;512;408;184;320;620;394;260;230;436;186;374
20130531T090600;368;452;312;360;472;380;416;308;216;340;420;360;536;276;488;172;436;220;260;152;276;208;524;416;168;324;644;396;252;236;440;196;376
20130531T090700;346;444;314;370;478;360;402;304;202;352;440;354;550;272;486;178;442;202;264;144;272;204;536;424;152;328;668;398;244;242;444;206;378
20130531T090800;324;436;316;380;484;340;388;300;188;364;460;348;564;268;484;184;448;184;268;136;268;200;548;432;136;332;692;400;236;248;448;216;380
20130531T090900;302;428;318;390;490;320;374;296;174;376;480;342;578;264;482;190;454;166;272;128;264;196;560;440;120;336;716;402;228;254;452;226;382
20130531T091000;280;420;320;400;480;300;360;300;160;380;500;360;580;260;480;180;460;180;260;120;260;200;560;440;120;340;740;400;220;260;460;220;400
20130531T091100;258;412;322;410;470;280;346;304;146;384;520;378;582;256;478;170;466;194;248;112;256;204;560;440;120;344;764;398;212;266;468;214;418
20130531T091200;236;404;324;420;460;260;332;308;132;388;540;396;584;252;476;160;472;208;236;104;252;208;560;440;120;348;788;396;204;272;476;208;436
20130531T091300;214;396;326;430;450;240;318;312;118;392;560;414;586;248;474;150;478;222;224;96;248;212;560;440;120;352;812;394;196;278;484;202;454
20130531T091400;192;388;328;440;440;220;304;316;104;396;580;432;588;244;472;140;484;236;212;88;244;216;560;440;120;356;836;392;188;284;492;196;472
20130531T091500;170;380;330;450;446;200;290;312;90;408;600;426;602;240;470;146;490;218;216;80;240;212;572;448;104;360;860;394;180;290;496;206;474
20130531T091600;148;372;332;460;452;180;276;308;76;420;620;420;616;236;468;152;496;200;220;72;236;208;584;456;88;364;884;396;172;296;500;216;476
20130531T091700;126;364;334;470;458;160;262;304;62;432;640;414;630;232;466;158;502;182;224;64;232;204;596;464;72;368;908;398;164;302;504;226;478
20130531T091800;104;356;336;480;464;140;248;300;48;444;660;408;644;228;464;164;508;164;228;56;228;200;608;472;56;372;932;400;156;308;508;236;480
20130531T091900;82;348;338;490;470;120;234;296;34;456;680;402;658;224;462;170;514;146;232;48;224;196;620;480;40;376;956;402;148;314;512;246;482
20130531T092000;60;340;340;500;460;100;220;300;20;460;700;420;660;220;460;160;520;160;220;40;220;200;620;480;40;380;980;400;140;320;520;240;500
20130531T092100;38;332;342;510;450;80;206;304;6;464;720;438;662;216;458;150;526;174;208;32;216;204;620;480;40;384;1004;398;132;326;528;234;518
20130531T092200;16;324;344;520;440;60;192;308;0;468;740;456;664;204;456;140;532;188;196;24;212;208;620;480;40;388;1028;396;124;332;536;228;536
20130531T092300;0;316;346;530;430;40;178;312;0;472;760;474;660;188;454;128;538;202;184;16;208;212;620;480;40;392;1052;394;116;338;544;222;554
20130531T092400;0;308;348;540;420;20;164;316;0;476;780;492;648;172;452;116;544;216;172;8;196;216;620;480;40;396;1076;392;108;344;552;216;572
20130531T092500;0;300;350;550;426;0;150;312;0;488;800;486;648;156;450;120;550;198;176;0;184;212;632;488;24;400;1100;394;100;350;556;226;574
20130531T092600;0;292;352;560;432;0;136;308;0;500;820;480;648;140;448;124;556;180;180;0;172;208;644;488;8;392;1124;396;92;356;552;236;576
20130531T092700;0;284;354;570;438;0;122;304;0;512;840;474;648;124;446;128;562;162;184;0;160;204;656;488;0;384;1140;398;84;362;548;246;578
20130531T092800;0;276;356;580;444;0;108;300;0;524;860;468;648;108;444;132;568;144;188;0;148;200;668;488;0;376;1148;400;76;368;544;256;580
20130531T092900;0;268;358;590;450;0;94;296;0;536;880;462;648;92;442;136;574;126;192;0;136;196;680;488;0;368;1156;402;68;374;540;266;582
20130531T093000;0;260;360;600;440;0;80;300;0;540;900;480;636;76;440;124;580;140;180;0;124;200;680;480;0;360;1180;400;60;380;540;260;600
20130531T093100;0;252;362;610;430;0;66;304;0;544;920;498;624;60;438;112;586;154;168;0;112;204;680;472;0;352;1204;398;52;386;540;254;618
20130531T093200;0;244;364;620;420;0;52;308;0;548;940;516;612;44;436;100;592;168;156;0;100;208;680;464;0;344;1228;396;44;392;540;248;636
20130531T093300;0;236;366;630;410;0;38;312;0;552;960;534;600;28;434;88;598;182;144;0;88;212;680;456;0;336;1252;394;36;398;540;242;654
20130531T093400;0;228;368;640;400;0;24;316;0;556;980;552;588;12;432;76;604;196;132;0;76;216;680;448;0;328;1276;392;28;404;540;236;672
20130531T093500;0;220;370;650;406;0;10;312;0;568;1000;546;588;0;430;80;610;178;136;0;64;212;692;448;0;320;1280;394;20;410;536;246;674
20130531T093600;0;212;372;660;412;0;0;308;0;580;1020;540;588;0;428;80;616;160;140;0;52;208;704;448;0;312;1272;396;12;416;532;256;676
20130531T093700;0;204;374;670;418;0;0;304;0;582;1040;534;588;0;426;80;622;142;144;0;40;204;716;448;0;304;1264;398;4;422;528;266;678
20130531T093800;0;196;376;680;424;0;0;300;0;584;1060;528;588;0;424;80;628;124;148;0;28;200;728;448;0;296;1256;400;0;428;524;276;676
20130531T093900;0;188;378;690;430;0;0;296;0;586;1080;522;588;0;422;80;634;106;152;0;16;196;740;448;0;288;1248;402;0;434;520;286;670
20130531T094000;0;180;380;700;420;0;0;300;0;580;1100;540;576;0;420;64;640;120;140;0;4;200;740;440;0;280;1256;400;0;440;520;280;680
20130531T094100;0;172;382;710;410;0;0;304;0;574;1120;558;564;0;418;48;646;134;128;0;0;204;740;432;0;272;1264;398;0;446;520;274;682
20130531T094200;0;164;384;720;400;0;0;308;0;568;1140;576;552;0;416;32;652;148;116;0;0;208;740;424;0;264;1272;396;0;450;520;268;682
20130531T094300;0;156;386;730;390;0;0;312;0;562;1160;594;540;0;414;16;658;162;104;0;0;212;740;416;0;256;1280;394;0;454;520;262;682
20130531T094400;0;148;388;740;380;0;0;316;0;556;1180;612;528;0;412;0;664;176;92;0;0;216;740;408;0;248;1288;392;0;458;520;256;682
20130531T094500;0;140;390;750;386;0;0;312;0;558;1200;606;528;0;410;0;670;158;96;0;0;212;752;408;0;240;1280;394;0;462;516;266;666
20130531T094600;0;132;392;760;392;0;0;308;0;560;1220;600;528;0;408;0;676;140;100;0;0;208;764;408;0;232;1272;396;0;466;512;276;650
20130531T094700;0;124;394;770;398;0;0;304;0;562;1240;594;528;0;406;0;682;122;104;0;0;204;776;408;0;224;1264;398;0;470;508;286;634
20130531T094800;0;116;396;780;404;0;0;300;0;564;1260;588;528;0;404;0;688;104;108;0;0;200;788;408;0;216;1256;400;0;474;504;296;618
20130531T094900;0;108;398;790;410;0;0;296;0;566;1280;582;528;0;402;0;694;86;112;0;0;196;800;408;0;208;1248;402;0;478;500;306;602
20130531T095000;0;100;400;800;400;0;0;300;0;560;1300;600;516;0;400;0;700;84;100;0;0;200;800;400;0;200;1256;400;0;482;500;300;602
20130531T095100;0;92;402;810;390;0;0;304;0;554;1320;618;504;0;398;0;706;82;88;0;0;204;800;392;0;192;1264;398;0;486;500;294;602
20130531T095200;0;84;404;820;380;0;0;308;0;548;1340;636;492;0;396;0;712;80;76;0;0;208;800;384;0;184;1272;396;0;490;500;288;602
20130531T095300;0;76;406;830;370;0;0;312;0;542;1360;654;480;0;394;0;718;78;64;0;0;212;800;376;0;176;1280;394;0;494;500;282;602
20130531T095400;0;68;408;840;360;0;0;316;0;536;1380;672;468;0;392;0;724;76;52;0;0;216;800;368;0;168;1288;392;0;498;500;276;602
20130531T095500;0;60;410;850;366;0;0;312;0;538;1400;666;468;0;390;0;730;58;56;0;0;212;812;368;0;160;1280;394;0;502;496;286;586
20130531T095600;0;52;412;860;372;0;0;308;0;540;1420;660;468;0;388;0;736;40;60;0;0;208;824;368;0;152;1272;396;0;506;492;296;570
20130531T095700;0;44;414;870;378;0;0;304;0;542;1440;654;468;0;386;0;742;22;64;0;0;204;836;368;0;144;1264;398;0;510;488;306;554
20130531T095800;0;36;416;880;384;0;0;300;0;544;1460;648;468;0;384;0;748;4;68;0;0;200;848;368;0;136;1256;400;0;514;484;316;538
20130531T095900;0;18;418;890;390;0;0;296;0;546;1480;642;468;0;382;0;750;0;72;0;0;196;860;368;0;128;1248;402;0;518;480;326;522
20130531T100000;0;8;420;900;380;0;0;300;0;540;1500;660;456;0;380;0;756;0;60;0;0;200;860;360;0;120;1256;400;0;522;480;320;522
20130531T100100;0;0;422;910;370;0;0;304;0;534;1520;678;444;0;378;0;762;0;48;0;0;204;860;352;0;112;1264;398;0;524;480;314;522
20130531T100200;0;0;424;920;360;0;0;308;0;528;1540;696;432;0;376;0;768;0;36;0;0;208;860;344;0;104;1272;396;0;518;480;308;522
20130531T100300;0;0;426;930;350;0;0;312;0;522;1560;714;420;0;374;0;774;0;24;0;0;212;860;336;0;96;1280;394;0;512;480;302;522
20130531T100400;0;0;428;940;340;0;0;316;0;516;1580;732;408;0;372;0;780;0;12;0;0;216;860;328;0;88;1288;392;0;506;480;296;522
20130531T100500;0;0;422;950;346;0;0;312;0;518;1600;726;408;0;370;0;778;0;16;0;0;212;872;328;0;80;1280;394;0;500;476;306;506
20130531T100600;0;0;416;960;352;0;0;308;0;520;1620;720;408;0;368;0;776;0;20;0;0;208;884;328;0;72;1272;396;0;494;472;316;490
20130531T100700;0;0;410;970;358;0;0;304;0;522;1640;714;408;0;366;0;774;0;24;0;0;204;896;328;0;64;1264;398;0;488;468;326;474
20130531T100800;0;0;404;980;364;0;0;300;0;524;1660;708;408;0;364;0;772;0;28;0;0;200;908;328;0;56;1256;400;0;482;464;336;458
20130531T100900;0;0;398;990;370;0;0;296;0;526;1680;702;408;0;362;0;770;0;32;0;0;196;920;328;0;48;1248;402;0;476;460;346;442
20130531T101000;0;0;400;1000;360;0;0;300;0;520;1700;720;396;0;360;0;776;0;20;0;0;200;920;320;0;40;1256;400;0;470;460;340;442
20130531T101100;0;0;402;1010;350;0;0;304;0;514;1720;738;384;0;358;0;782;0;8;0;0;204;920;312;0;32;1264;398;0;464;460;334;442
20130531T101200;0;0;400;1020;340;0;0;308;0;508;1740;756;372;0;356;0;788;0;0;0;0;208;920;304;0;24;1272;396;0;458;460;328;442
20130531T101300;0;0;394;1030;330;0;0;312;0;502;1760;774;360;0;354;0;790;0;0;0;0;212;920;296;0;16;1280;394;0;452;460;322;442
20130531T101400;0;0;388;1040;320;0;0;316;0;496;1780;792;348;0;352;0;792;0;0;0;0;216;920;288;0;8;1288;392;0;446;460;316;442
20130531T101500;0;0;382;1050;326;0;0;312;0;498;1800;786;348;0;350;0;790;0;4;0;0;212;932;288;0;0;1280;394;0;440;456;326;426
20130531T101600;0;0;376;1060;332;0;0;308;0;500;1812;780;348;0;348;0;788;0;8;0;0;208;944;288;0;0;1272;396;0;434;452;336;410
20130531T101700;0;0;370;1070;338;0;0;304;0;502;1824;774;348;0;346;0;786;0;12;0;0;204;956;288;0;0;1264;398;0;428;448;346;394
20130531T101800;0;0;364;1080;344;0;0;300;0;504;1836;768;348;0;344;0;784;0;16;0;0;200;968;288;0;0;1256;400;0;422;444;356;378
20130531T101900;0;0;358;1090;350;0;0;296;0;506;1848;762;348;0;342;0;782;0;20;0;0;196;980;288;0;0;1248;402;0;416;440;366;362
20130531T102000;0;0;360;1100;340;0;0;300;0;500;1860;780;336;0;340;0;788;0;8;0;0;200;980;280;0;0;1256;400;0;410;440;360;362
20130531T102100;0;0;358;1110;330;0;0;304;0;494;1872;798;324;0;338;0;794;0;0;0;0;204;980;272;0;0;1264;398;0;404;440;354;362
20130531T102200;0;0;352;1120;320;0;0;308;0;488;1884;816;312;0;336;0;796;0;0;0;0;208;980;264;0;0;1272;396;0;398;440;348;362
20130531T102300;0;0;346;1130;310;0;0;312;0;482;1896;834;300;0;334;0;798;0;0;0;0;212;980;256;0;0;1280;394;0;392;440;342;362
20130531T102400;0;0;340;1140;300;0;0;316;0;476;1908;852;288;0;332;0;800;0;0;0;0;216;980;248;0;0;1288;392;0;386;440;336;362
20130531T102500;0;0;334;1150;306;0;0;312;0;478;1920;846;288;0;330;0;798;0;4;0;0;212;992;248;0;0;1280;394;0;380;436;346;346
20130531T102600;0;0;328;1160;312;0;0;308;0;480;1932;840;288;0;328;0;796;0;8;0;0;208;1004;248;0;0;1272;396;0;374;432;356;330
20130531T102700;0;0;322;1170;318;0;0;304;0;482;1944;834;288;0;326;0;794;0;12;0;0;204;1016;248;0;0;1264;398;0;368;428;366;314
20130531T102800;0;0;316;1180;324;0;0;300;0;484;1956;828;288;0;324;0;792;0;16;0;0;200;1028;248;0;0;1256;400;0;362;424;376;298
20130531T102900;0;0;310;1190;330;0;0;296;0;486;1968;822;288;0;322;0;790;0;20;0;0;196;1040;248;0;0;1248;402;0;356;420;386;282
20130531T103000;0;0;312;1200;320;0;0;300;0;480;1980;840;276;0;320;0;796;0;8;0;0;200;1040;240;0;0;1256;400;0;350;420;380;282
20130531T103100;0;0;310;1210;310;0;0;304;0;474;1992;858;264;0;318;0;802;0;0;0;0;204;1040;232;0;0;1264;398;0;344;420;374;282
20130531T103200;0;0;304;1220;300;0;0;308;0;468;2004;876;252;0;316;0;804;0;0;0;0;208;1040;224;0;0;1272;396;0;338;420;368;282
20130531T103300;0;0;298;1230;290;0;0;312;0;462;2016;894;240;0;314;0;806;0;0;0;0;212;1040;216;0;0;1280;394;0;332;420;362;282
20130531T103400;0;0;292;1240;280;0;0;316;0;456;2028;912;228;0;312;0;808;0;0;0;0;216;1040;208;0;0;1288;392;0;326;420;356;282
20130531T103500;0;0;286;1250;286;0;0;312;0;458;2040;906;228;0;310;0;806;0;4;0;0;212;1052;208;0;0;1280;394;0;320;416;366;266
20130531T103600;0;0;280;1260;292;0;0;308;0;460;2052;900;228;0;308;0;804;0;8;0;0;208;1064;208;0;0;1272;396;0;314;412;376;250
20130531T103700;0;0;274;1270;298;0;0;304;0;462;2064;894;228;0;306;0;802;0;12;0;0;204;1076;208;0;0;1264;398;0;308;408;386;234
20130531T103800;0;0;268;1280;304;0;0;300;0;464;2076;888;228;0;304;0;800;0;16;0;0;200;1088;208;0;0;1256;400;0;302;404;396;218
20130531T103900;0;0;262;1290;310;0;0;296;0;466;2088;882;228;0;302;0;798;0;20;0;0;196;1100;208;0;0;1248;402;0;296;400;406;202
20130531T104000;0;0;264;1300;300;0;0;300;0;460;2100;900;216;0;300;0;804;0;8;0;0;200;1100;200;0;0;1256;400;0;290;400;400;202
20130531T104100;0;0;262;1310;290;0;0;304;0;454;2112;918;204;0;298;0;810;0;0;0;0;204;1100;192;0;0;1264;398;0;284;400;394;202
20130531T104200;0;0;256;1320;280;0;0;308;0;448;2124;936;192;0;296;0;812;0;0;0;0;208;1100;184;0;0;1272;396;0;278;400;388;202
20130531T104300;0;0;250;1330;270;0;0;312;0;442;2136;954;180;0;294;0;814;0;0;0;0;212;1100;176;0;0;1280;394;0;272;400;382;202
20130531T104400;0;0;244;1340;260;0;0;316;0;436;2148;972;168;0;292;0;816;0;0;0;0;216;1100;168;0;0;1288;392;0;266;400;376;202
20130531T104500;0;0;238;1350;266;0;0;312;0;438;2160;966;168;0;290;0;814;0;4;0;0;212;1112;168;0;0;1280;394;0;260;396;386;186
20130531T104600;0;0;232;1360;272;0;0;308;0;440;2172;960;168;0;288;0;812;0;8;0;0;208;1124;168;0;0;1272;396;0;254;392;396;170
20130531T104700;0;0;226;1370;278;0;0;304;0;442;2184;954;168;0;286;0;810;0;12;0;0;204;1136;168;0;0;1264;398;0;248;388;406;154
20130531T104800;0;0;220;1380;284;0;0;300;0;444;2196;948;168;0;284;0;808;0;16;0;0;200;1148;168;0;0;1256;400;0;242;384;416;138
20130531T104900;0;0;214;1390;290;0;0;296;0;446;2208;942;168;0;282;0;806;0;20;0;0;196;1160;168;0;0;1248;402;0;236;380;426;122
20130531T105000;0;0;216;1400;280;0;0;300;0;440;2220;960;156;0;280;0;812;0;8;0;0;200;1160;160;0;0;1256;400;0;230;380;420;122
20130531T105100;0;0;214;1410;270;0;0;304;0;434;2232;978;144;0;278;0;818;0;0;0;0;204;1160;152;0;0;1264;398;0;224;380;414;122
20130531T105200;0;0;208;1420;260;0;0;308;0;428;2244;996;132;0;276;0;820;0;0;0;0;208;1160;144;0;0;1272;396;0;218;380;408;122
20130531T105300;0;0;202;1430;250;0;0;312;0;422;2256;1014;120;0;274;0;822;0;0;0;0;212;1160;136;0;0;1280;394;0;212;380;402;122
20130531T105400;0;0;196;1440;240;0;0;316;0;416;2268;1032;108;0;272;0;824;0;0;0;0;216;1160;128;0;0;1288;392;0;206;380;396;122
20130531T105500;0;0;190;1450;246;0;0;312;0;418;2280;1026;108;0;270;0;822;0;4;0;0;212;1172;128;0;0;1280;394;0;200;376;406;106
20130531T105600;0;0;184;1460;252;0;0;308;0;420;2292;1020;108;0;268;0;820;0;8;0;0;208;1184;128;0;0;1272;396;0;194;372;416;90
20130531T105700;0;0;178;1470;258;0;0;304;0;422;2304;1014;108;0;266;0;818;0;12;0;0;204;1196;128;0;0;1264;398;0;188;368;426;74
20130531T105800;0;0;172;1480;264;0;0;300;0;424;2316;1008;108;0;264;0;816;0;16;0;0;200;1208;128;0;0;1256;400;0;182;364;436;58
20130531T105900;0;0;166;1490;270;0;0;296;0;426;2328;1002;108;0;262;0;814;0;20;0;0;196;1220;128;0;0;1248;402;0;176;360;446;42
20130531T110000;0;0;168;1500;260;0;0;300;0;420;2340;1020;96;0;260;0;820;0;8;0;0;200;1220;120;0;0;1256;400;0;170;360;440;42
20130531T110100;0;0;166;1510;250;0;0;304;0;414;2352;1038;84;0;258;0;826;0;0;0;0;204;1220;112;0;0;1264;398;0;164;360;434;42
20130531T110200;0;0;160;1520;240;0;0;308;0;408;2364;1056;72;0;256;0;828;0;0;0;0;208;1220;104;0;0;1272;396;0;158;360;428;42
20130531T110300;0;0;154;1530;230;0;0;312;0;402;2376;1074;60;0;254;0;830;0;0;0;0;212;1220;96;0;0;1280;394;0;152;360;422;42
20130531T110400;0;0;148;1540;220;0;0;316;0;396;2388;1092;48;0;252;0;832;0;0;0;0;216;1220;88;0;0;1288;392;0;146;360;416;42
20130531T110500;0;0;142;1550;226;0;0;312;0;398;2400;1086;48;0;250;0;830;0;4;0;0;212;1232;88;0;0;1280;394;0;140;356;426;26
20130531T110600;0;0;136;1560;232;0;0;308;0;400;2412;1080;48;0;248;0;828;0;8;0;0;208;1244;88;0;0;1272;396;0;134;352;436;10
20130531T110700;0;0;130;1570;238;0;0;304;0;402;2424;1074;48;0;246;0;826;0;12;0;0;204;1256;88;0;0;1264;398;0;128;348;440;0
20130531T110800;0;0;124;1580;244;0;0;300;0;404;2436;1068;48;0;244;0;824;0;16;0;0;200;1268;88;0;0;1256;400;0;122;344;434;0
20130531T110900;0;0;118;1590;250;0;0;296;0;406;2448;1062;48;0;242;0;822;0;20;0;0;196;1280;88;0;0;1248;402;0;116;340;428;0
20130531T111000;0;0;120;1600;240;0;0;300;0;400;2460;1080;36;0;240;0;828;0;8;0;0;200;1280;80;0;0;1256;400;0;110;340;422;0
20130531T111100;0;0;118;1610;230;0;0;304;0;394;2472;1098;24;0;238;0;834;0;0;0;0;204;1280;72;0;0;1264;398;0;104;340;416;0
20130531T111200;0;0;112;1620;220;0;0;308;0;388;2484;1116;12;0;236;0;836;0;0;0;0;208;1280;64;0;0;1272;396;0;98;340;410;0
20130531T111300;0;0;106;1630;210;0;0;312;0;382;2496;1134;0;0;234;0;838;0;0;0;0;212;1280;56;0;0;1280;394;0;92;340;404;0
20130531T111400;0;0;100;1640;200;0;0;316;0;376;2508;1140;0;0;232;0;840;0;0;0;0;216;1280;48;0;0;1288;392;0;86;340;398;0
20130531T111500;0;0;94;1650;206;0;0;312;0;378;2520;1134;0;0;230;0;838;0;4;0;0;212;1292;48;0;0;1280;394;0;80;336;392;0
20130531T111600;0;0;88;1660;212;0;0;308;0;380;2532;1128;0;0;228;0;836;0;8;0;0;208;1304;48;0;0;1272;396;0;74;332;386;0
20130531T111700;0;0;82;1670;218;0;0;304;0;382;2544;1122;0;0;226;0;834;0;12;0;0;204;1316;48;0;0;1264;398;0;68;328;380;0
20130531T111800;0;0;76;1680;224;0;0;300;0;384;2556;1116;0;0;224;0;832;0;16;0;0;200;1328;48;0;0;1256;400;0;62;324;374;0
20130531T111900;0;0;70;1690;230;0;0;296;0;386;2568;1110;0;0;222;0;830;0;20;0;0;196;1340;48;0;0;1248;402;0;56;320;368;0
20130531T112000;0;0;72;1700;220;0;0;300;0;380;2580;1116;0;0;220;0;836;0;8;0;0;200;1340;40;0;0;1256;400;0;50;320;362;0
20130531T112100;0;0;70;1710;210;0;0;304;0;374;2592;1122;0;0;218;0;842;0;0;0;0;204;1340;32;0;0;1264;398;0;44;320;356;0
20130531T112200;0;0;64;1720;200;0;0;308;0;368;2604;1128;0;0;216;0;844;0;0;0;0;208;1340;24;0;0;1272;396;0;38;320;350;0
20130531T112300;0;0;58;1730;190;0;0;312;0;362;2616;1134;0;0;214;0;846;0;0;0;0;212;1340;16;0;0;1280;394;0;32;320;344;0
20130531T112400;0;0;52;1740;180;0;0;316;0;356;2628;1140;0;0;212;0;848;0;0;0;0;216;1340;8;0;0;1288;392;0;26;320;338;0
20130531T112500;0;0;46;1750;186;0;0;312;0;358;2640;1134;0;0;210;0;846;0;4;0;0;212;1352;8;0;0;1280;394;0;20;316;332;0
20130531T112600;0;0;40;1760;192;0;0;308;0;360;2652;1128;0;0;208;0;844;0;8;0;0;208;1364;8;0;0;1272;396;0;14;312;326;0
20130531T112700;0;0;34;1770;198;0;0;304;0;362;2664;1122;0;0;206;0;842;0;12;0;0;204;1376;8;0;0;1264;398;0;8;308;320;0
20130531T112800;0;0;28;1780;204;0;0;300;0;364;2676;1116;0;0;204;0;840;0;16;0;0;200;1388;8;0;0;1256;400;0;2;304;314;0
20130531T112900;0;0;22;1790;210;0;0;296;0;366;2688;1110;0;0;202;0;838;0;20;0;0;196;1396;8;0;0;1248;402;0;0;300;308;0
20130531T113000;0;0;24;1800;200;0;0;300;0;360;2700;1116;0;0;200;0;844;0;8;0;0;200;1390;0;0;0;1256;400;0;0;300;302;0
20130531T113100;0;0;22;1810;190;0;0;304;0;354;2712;1122;0;0;198;0;850;0;0;0;0;204;1384;0;0;0;1256;398;0;0;300;296;0
20130531T113200;0;0;16;1820;180;0;0;308;0;348;2724;1128;0;0;196;0;852;0;0;0;0;208;1378;0;0;0;1256;396;0;0;300;290;0
20130531T113300;0;0;10;1830;170;0;0;312;0;342;2736;1134;0;0;194;0;854;0;0;0;0;212;1372;0;0;0;1256;394;0;0;300;284;0
20130531T113400;0;0;4;1840;160;0;0;316;0;336;2748;1140;0;0;192;0;856;0;0;0;0;216;1366;0;0;0;1256;392;0;0;300;278;0
20130531T113500;0;0;0;1848;166;0;0;312;0;338;2760;1134;0;0;190;0;854;0;4;0;0;212;1372;0;0;0;1248;394;0;0;296;272;0
20130531T113600;0;0;0;1852;172;0;0;308;0;340;2772;1128;0;0;188;0;852;0;8;0;0;208;1378;0;0;0;1240;396;0;0;292;266;0
20130531T113700;0;0;0;1856;178;0;0;304;0;342;2784;1122;0;0;186;0;850;0;12;0;0;204;1384;0;0;0;1232;398;0;0;288;260;0
20130531T113800;0;0;0;1860;184;0;0;300;0;344;2796;1116;0;0;184;0;848;0;16;0;0;200;1390;0;0;0;1224;400;0;0;284;254;0
20130531T113900;0;0;0;1864;190;0;0;296;0;346;2808;1110;0;0;182;0;846;0;20;0;0;196;1396;0;0;0;1216;402;0;0;280;248;0
20130531T114000;0;0;2;1874;180;0;0;300;0;340;2820;1116;0;0;180;0;852;0;8;0;0;200;1390;0;0;0;1216;400;0;0;280;242;0
20130531T114100;0;0;0;1884;170;0;0;304;0;334;2832;1122;0;0;178;0;858;0;0;0;0;204;1384;0;0;0;1216;398;0;0;280;236;0
20130531T114200;0;0;0;1888;160;0;0;308;0;328;2844;1128;0;0;176;0;860;0;0;0;0;208;1378;0;0;0;1216;396;0;0;280;230;0
20130531T114300;0;0;0;1892;150;0;0;312;0;322;2856;1134;0;0;174;0;862;0;0;0;0;212;1372;0;0;0;1216;394;0;0;280;224;0
20130531T114400;0;0;0;1896;140;0;0;316;0;316;2868;1140;0;0;172;0;864;0;0;0;0;216;1366;0;0;0;1216;392;0;0;280;218;0
20130531T114500;0;0;0;1900;146;0;0;312;0;318;2880;1134;0;0;170;0;862;0;4;0;0;212;1372;0;0;0;1208;394;0;0;276;212;0
20130531T114600;0;0;0;1904;152;0;0;308;0;320;2892;1128;0;0;168;0;860;0;8;0;0;208;1378;0;0;0;1200;396;0;0;272;206;0
20130531T114700;0;0;0;1908;158;0;0;304;0;322;2904;1122;0;0;166;0;858;0;12;0;0;204;1384;0;0;0;1192;398;0;0;268;200;0
20130531T114800;0;0;0;1912;164;0;0;300;0;324;2916;1116;0;0;164;0;856;0;16;0;0;200;1390;0;0;0;1184;400;0;0;264;194;0
20130531T114900;0;0;0;1916;170;0;0;296;0;326;2928;1110;0;0;162;0;854;0;20;0;0;196;1396;0;0;0;1176;402;0;0;260;188;0
20130531T115000;0;0;2;1926;160;0;0;300;0;320;2940;1116;0;0;160;0;860;0;8;0;0;200;1390;0;0;0;1176;400;0;0;260;182;0
20130531T115100;0;0;0;1936;150;0;0;304;0;314;2952;1122;0;0;158;0;866;0;0;0;0;204;1384;0;0;0;1176;398;0;0;260;176;0
20130531T115200;0;0;0;1940;140;0;0;308;0;308;2964;1128;0;0;156;0;868;0;0;0;0;208;1378;0;0;0;1176;396;0;0;260;170;0
20130531T115300;0;0;0;1944;130;0;0;312;0;302;2976;1134;0;0;154;0;870;0;0;0;0;212;1372;0;0;0;1176;394;0;0;260;164;0
20130531T115400;0;0;0;1948;120;0;0;316;0;296;2988;1140;0;0;152;0;872;0;0;0;0;216;1366;0;0;0;1176;392;0;0;260;158;0
20130531T115500;0;0;0;1952;126;0;0;312;0;298;3000;1134;0;0;150;0;870;0;4;0;0;212;1372;0;0;0;1168;394;0;0;256;152;0
20130531T115600;0;0;0;1956;132;0;0;308;0;300;3012;1128;0;0;148;0;868;0;8;0;0;208;1378;0;0;0;1160;396;0;0;252;146;0
20130531T115700;0;0;0;1960;138;0;0;304;0;302;3024;1122;0;0;146;0;866;0;12;0;0;204;1384;0;0;0;1152;398;0;0;248;140;0
20130531T115800;0;0;0;1964;144;0;0;300;0;304;3036;1116;0;0;144;0;864;0;16;0;0;200;1390;0;0;0;1144;400;0;0;244;134;0
20130531T115900;0;0;0;1968;150;0;0;296;0;306;3048;1110;0;0;142;0;862;0;20;0;0;196;1396;0;0;0;1136;402;0;0;240;128;0
20130531T120000;0;0;2;1978;140;0;0;300;0;300;3060;1116;0;0;140;0;868;0;8;0;0;200;1390;0;0;0;1136;400;0;0;240;122;0
20130531T120100;0;0;0;1988;130;0;0;304;0;294;3072;1122;0;0;138;0;874;0;0;0;0;204;1384;0;0;0;1136;398;0;0;240;116;0
20130531T120200;0;0;0;1992;120;0;0;308;0;288;3084;1128;0;0;136;0;876;0;0;0;0;208;1378;0;0;0;1136;396;0;0;240;110;0
20130531T120300;0;0;0;1996;110;0;0;312;0;282;3096;1134;0;0;134;0;878;0;0;0;0;212;1372;0;0;0;1136;394;0;0;240;104;0
20130531T120400;0;0;0;2000;100;0;0;316;0;276;3108;1140;0;0;132;0;880;0;0;0;0;216;1366;0;0;0;1136;392;0;0;240;98;0
20130531T120500;0;0;0;2004;106;0;0;312;0;278;3120;1134;0;0;130;0;878;0;4;0;0;212;1372;0;0;0;1128;394;0;0;236;92;0
20130531T120600;0;0;0;2008;112;0;0;308;0;280;3132;1128;0;0;128;0;876;0;8;0;0;208;1378;0;0;0;1120;396;0;0;232;86;0
20130531T120700;0;0;0;2012;118;0;0;304;0;282;3144;1122;0;0;126;0;874;0;12;0;0;204;1384;0;0;0;1112;398;0;0;228;80;0
20130531T120800;0;0;0;2016;124;0;0;300;0;284;3156;1116;0;0;124;0;872;0;16;0;0;200;1390;0;0;0;1104;400;0;0;224;74;0
20130531T120900;0;0;0;2020;130;0;0;296;0;286;3168;1110;0;0;122;0;870;0;20;0;0;196;1396;0;0;0;1096;402;0;0;220;68;0
20130531T121000;0;0;2;2030;120;0;0;300;0;280;3180;1116;0;0;120;0;876;0;8;0;0;200;1390;0;0;0;1096;400;0;0;220;62;0
20130531T121100;0;0;0;2040;110;0;0;304;0;274;3192;1122;0;0;118;0;882;0;0;0;0;204;1384;0;0;0;1096;398;0;0;220;56;0
20130531T121200;0;0;0;2044;100;0;0;308;0;268;3204;1128;0;0;116;0;884;0;0;0;0;208;1378;0;0;0;1096;396;0;0;220;50;0
20130531T121300;0;0;0;2048;90;0;0;312;0;262;3216;1134;0;0;114;0;886;0;0;0;0;212;1372;0;0;0;1096;394;0;0;220;44;0
20130531T121400;0;0;0;2052;80;0;0;316;0;256;3228;1140;0;0;112;0;888;0;0;0;0;216;1366;0;0;0;1096;392;0;0;220;38;0
20130531T121500;0;0;0;2056;86;0;0;312;0;258;3240;1134;0;0;110;0;886;0;4;0;0;212;1372;0;0;0;1088;394;0;0;216;32;0
20130531T121600;0;0;0;2060;92;0;0;308;0;260;3252;1128;0;0;108;0;884;0;8;0;0;208;1378;0;0;0;1080;396;0;0;212;26;0
20130531T121700;0;0;0;2064;98;0;0;304;0;262;3264;1122;0;0;106;0;882;0;12;0;0;204;1384;0;0;0;1072;398;0;0;208;20;0
20130531T121800;0;0;0;2068;104;0;0;300;0;264;3276;1116;0;0;104;0;880;0;16;0;0;200;1390;0;0;0;1064;400;0;0;204;14;0
20130531T121900;0;0;0;2072;110;0;0;296;0;266;3288;1110;0;0;102;0;878;0;20;0;0;196;1396;0;0;0;1056;402;0;0;200;8;0
20130531T122000;0;0;2;2082;100;0;0;300;0;260;3300;1116;0;0;100;0;884;0;8;0;0;200;1390;0;0;0;1056;400;0;0;200;2;0
20130531T122100;0;0;0;2092;90;0;0;304;0;254;3312;1122;0;0;98;0;890;0;0;0;0;204;1380;0;0;0;1056;398;0;0;200;0;0
20130531T122200;0;0;0;2096;80;0;0;308;0;248;3324;1128;0;0;96;0;892;0;0;0;0;208;1368;0;0;0;1056;396;0;0;200;0;0
20130531T122300;0;0;0;2100;70;0;0;312;0;242;3336;1134;0;0;94;0;894;0;0;0;0;212;1356;0;0;0;1056;394;0;0;200;0;0
20130531T122400;0;0;0;2104;60;0;0;316;0;236;3348;1140;0;0;92;0;896;0;0;0;0;216;1344;0;0;0;1056;392;0;0;200;0;0
20130531T122500;0;0;0;2108;66;0;0;312;0;238;3360;1134;0;0;90;0;894;0;4;0;0;212;1344;0;0;0;1048;394;0;0;196;0;0
20130531T122600;0;0;0;2112;72;0;0;308;0;240;3372;1128;0;0;88;0;892;0;8;0;0;208;1344;0;0;0;1040;396;0;0;192;0;0
20130531T122700;0;0;0;2116;78;0;0;304;0;242;3384;1122;0;0;86;0;890;0;12;0;0;204;1344;0;0;0;1032;398;0;0;188;0;0
20130531T122800;0;0;0;2120;84;0;0;300;0;244;3396;1116;0;0;84;0;888;0;16;0;0;200;1344;0;0;0;1024;400;0;0;184;0;0
20130531T122900;0;0;0;2124;90;0;0;296;0;246;3408;1110;0;0;82;0;886;0;20;0;0;196;1344;0;0;0;1016;402;0;0;180;0;0
20130531T123000;0;0;2;2134;80;0;0;300;0;240;3420;1116;0;0;80;0;892;0;8;0;0;200;1332;0;0;0;1016;400;0;0;180;0;0
20130531T123100;0;0;0;2144;70;0;0;304;0;234;3432;1122;0;0;78;0;898;0;0;0;0;204;1320;0;0;0;1016;398;0;0;180;0;0
20130531T123200;0;0;0;2148;60;0;0;308;0;228;3444;1128;0;0;76;0;900;0;0;0;0;208;1308;0;0;0;1016;396;0;0;180;0;0
20130531T123300;0;0;0;2152;50;0;0;312;0;222;3456;1134;0;0;74;0;902;0;0;0;0;212;1296;0;0;0;1016;394;0;0;180;0;0
20130531T123400;0;0;0;2156;40;0;0;316;0;216;3468;1140;0;0;72;0;904;0;0;0;0;216;1284;0;0;0;1016;392;0;0;180;0;0
20130531T123500;0;0;0;2160;46;0;0;312;0;218;3480;1134;0;0;70;0;902;0;4;0;0;212;1284;0;0;0;1008;394;0;0;176;0;0
20130531T123600;0;0;0;2164;52;0;0;308;0;220;3492;1128;0;0;68;0;900;0;8;0;0;208;1284;0;0;0;1000;396;0;0;172;0;0
20130531T123700;0;0;0;2168;58;0;0;304;0;222;3504;1122;0;0;66;0;898;0;12;0;0;204;1284;0;0;0;992;398;0;0;168;0;0
20130531T123800;0;0;0;2172;64;0;0;300;0;224;3516;1116;0;0;64;0;896;0;16;0;0;200;1284;0;0;0;984;400;0;0;164;0;0
20130531T123900;0;0;0;2176;70;0;0;296;0;226;3528;1110;0;0;62;0;894;0;20;0;0;196;1284;0;0;0;976;402;0;0;160;0;0
20130531T124000;0;0;2;2186;60;0;0;300;0;220;3540;1116;0;0;60;0;900;0;8;0;0;200;1272;0;0;0;976;400;0;0;160;0;0
20130531T124100;0;0;0;2196;50;0;0;304;0;214;3552;1122;0;0;58;0;906;0;0;0;0;204;1260;0;0;0;976;398;0;0;160;0;0
20130531T124200;0;0;0;2200;40;0;0;308;0;208;3564;1128;0;0;56;0;908;0;0;0;0;208;1248;0;0;0;976;396;0;0;160;0;0
20130531T124300;0;0;0;2204;30;0;0;312;0;202;3576;1134;0;0;54;0;910;0;0;0;0;212;1236;0;0;0;976;394;0;0;160;0;0
20130531T124400;0;0;0;2208;20;0;0;316;0;196;3588;1140;0;0;52;0;912;0;0;0;0;216;1224;0;0;0;976;392;0;0;160;0;0
20130531T124500;0;0;0;2212;26;0;0;312;0;198;3600;1134;0;0;50;0;910;0;4;0;0;212;1224;0;0;0;968;394;0;0;156;0;0
20130531T124600;0;0;0;2216;32;0;0;308;0;200;3612;1128;0;0;48;0;908;0;8;0;0;208;1224;0;0;0;960;396;0;0;152;0;0
20130531T124700;0;0;0;2220;38;0;0;304;0;202;3624;1122;0;0;46;0;906;0;12;0;0;204;1224;0;0;0;952;398;0;0;148;0;0
20130531T124800;0;0;0;2224;44;0;0;300;0;204;3636;1116;0;0;44;0;904;0;16;0;0;200;1224;0;0;0;944;400;0;0;144;0;0
20130531T124900;0;0;0;2228;50;0;0;296;0;206;3648;1110;0;0;42;0;902;0;20;0;0;196;1224;0;0;0;936;402;0;0;140;0;0
20130531T125000;0;0;2;2238;40;0;0;300;0;200;3660;1116;0;0;40;0;908;0;8;0;0;200;1212;0;0;0;936;400;0;0;140;0;0
20130531T125100;0;0;0;2248;30;0;0;304;0;194;3672;1122;0;0;38;0;914;0;0;0;0;204;1200;0;0;0;936;398;0;0;140;0;0
20130531T125200;0;0;0;2252;20;0;0;308;0;188;3684;1128;0;0;36;0;916;0;0;0;0;208;1188;0;0;0;936;396;0;0;140;0;0
20130531T125300;0;0;0;2256;10;0;0;312;0;182;3696;1134;0;0;34;0;918;0;0;0;0;212;1176;0;0;0;936;394;0;0;140;0;0
20130531T125400;0;0;0;2260;0;0;0;316;0;176;3708;1140;0;0;32;0;920;0;0;0;0;216;1164;0;0;0;936;392;0;0;140;0;0
20130531T125500;0;0;0;2264;6;0;0;312;0;178;3720;1134;0;0;30;0;918;0;4;0;0;212;1164;0;0;0;928;394;0;0;136;0;0
20130531T125600;0;0;0;2268;12;0;0;308;0;180;3732;1128;0;0;28;0;916;0;8;0;0;208;1164;0;0;0;920;396;0;0;132;0;0
20130531T125700;0;0;0;2272;18;0;0;304;0;182;3744;1122;0;0;26;0;914;0;12;0;0;204;1164;0;0;0;912;398;0;0;128;0;0
20130531T125800;0;0;0;2276;24;0;0;300;0;184;3756;1116;0;0;24;0;912;0;16;0;0;200;1164;0;0;0;904;400;0;0;124;0;0
20130531T125900;0;0;0;2280;30;0;0;296;0;186;3768;1110;0;0;22;0;910;0;20;0;0;196;1164;0;0;0;896;402;0;0;120;0;0
20130531T130000;0;0;2;2290;20;0;0;300;0;180;3780;1116;0;0;20;0;916;0;8;0;0;200;1152;0;0;0;896;400;0;0;120;0;0
20130531T130100;0;0;0;2300;10;0;0;304;0;174;3792;1122;0;0;18;0;922;0;0;0;0;204;1140;0;0;0;896;398;0;0;120;0;0
20130531T130200;0;0;0;2304;0;0;0;308;0;168;3804;1128;0;0;16;0;924;0;0;0;0;208;1128;0;0;0;896;396;0;0;120;0;0
20130531T130300;0;0;0;2308;0;0;0;312;0;162;3806;1134;0;0;14;0;926;0;0;0;0;212;1116;0;0;0;896;394;0;0;120;0;0
20130531T130400;0;0;0;2312;0;0;0;316;0;156;3808;1140;0;0;12;0;928;0;0;0;0;216;1104;0;0;0;896;392;0;0;120;0;0
20130531T130500;0;0;0;2316;6;0;0;312;0;158;3820;1134;0;0;10;0;926;0;4;0;0;212;1104;0;0;0;888;394;0;0;116;0;0
20130531T130600;0;0;0;2320;12;0;0;308;0;160;3832;1128;0;0;8;0;924;0;8;0;0;208;1104;0;0;0;880;396;0;0;112;0;0
20130531T130700;0;0;0;2324;18;0;0;304;0;162;3844;1122;0;0;6;0;922;0;12;0;0;204;1104;0;0;0;872;398;0;0;108;0;0
20130531T130800;0;0;0;2328;24;0;0;300;0;164;3856;1116;0;0;4;0;920;0;16;0;0;200;1104;0;0;0;864;400;0;0;104;0;0
20130531T130900;0;0;0;2332;30;0;0;296;0;166;3868;1110;0;0;2;0;918;0;20;0;0;196;1104;0;0;0;856;402;0;0;100;0;0
20130531T131000;0;0;2;2342;20;0;0;300;0;160;3880;1116;0;0;0;0;924;0;8;0;0;200;1092;0;0;0;856;400;0;0;100;0;0
20130531T131100;0;0;0;2352;10;0;0;304;0;154;3890;1122;0;0;0;0;930;0;0;0;0;204;1080;0;0;0;856;398;0;0;100;0;0
20130531T131200;0;0;0;2356;0;0;0;308;0;148;3900;1128;0;0;0;0;932;0;0;0;0;208;1068;0;0;0;856;396;0;0;100;0;0
20130531T131300;0;0;0;2360;0;0;0;312;0;142;3900;1134;0;0;0;0;934;0;0;0;0;212;1056;0;0;0;856;394;0;0;100;0;0
20130531T131400;0;0;0;2364;0;0;0;316;0;136;3900;1140;0;0;0;0;936;0;0;0;0;216;1044;0;0;0;856;392;0;0;100;0;0
20130531T131500;0;0;0;2368;6;0;0;312;0;138;3910;1134;0;0;0;0;934;0;4;0;0;212;1044;0;0;0;848;394;0;0;96;0;0
20130531T131600;0;0;0;2372;12;0;0;308;0;140;3920;1128;0;0;0;0;932;0;8;0;0;208;1044;0;0;0;840;396;0;0;92;0;0
20130531T131700;0;0;0;2376;18;0;0;304;0;142;3930;1122;0;0;0;0;930;0;12;0;0;204;1044;0;0;0;832;398;0;0;88;0;0
20130531T131800;0;0;0;2380;24;0;0;300;0;144;3940;1116;0;0;0;0;928;0;16;0;0;200;1044;0;0;0;824;400;0;0;84;0;0
20130531T131900;0;0;0;2384;30;0;0;296;0;146;3950;1110;0;0;0;0;926;0;20;0;0;196;1044;0;0;0;816;402;0;0;80;0;0
20130531T132000;0;0;2;2394;20;0;0;300;0;140;3960;1116;0;0;0;0;932;0;8;0;0;200;1032;0;0;0;816;400;0;0;80;0;0
20130531T132100;0;0;0;2404;10;0;0;304;0;134;3970;1122;0;0;0;0;938;0;0;0;0;204;1020;0;0;0;816;398;0;0;80;0;0
20130531T132200;0;0;0;2408;0;0;0;308;0;128;3980;1128;0;0;0;0;940;0;0;0;0;208;1008;0;0;0;816;396;0;0;80;0;0
20130531T132300;0;0;0;2412;0;0;0;312;0;122;3980;1134;0;0;0;0;942;0;0;0;0;212;996;0;0;0;816;394;0;0;80;0;0
20130531T132400;0;0;0;2416;0;0;0;316;0;116;3980;1140;0;0;0;0;944;0;0;0;0;216;984;0;0;0;816;392;0;0;80;0;0
20130531T132500;0;0;0;2420;6;0;0;312;0;118;3990;1134;0;0;0;0;942;0;4;0;0;212;984;0;0;0;808;394;0;0;76;0;0
20130531T132600;0;0;0;2424;12;0;0;308;0;120;4000;1128;0;0;0;0;940;0;8;0;0;208;984;0;0;0;800;396;0;0;72;0;0
20130531T132700;0;0;0;2428;18;0;0;304;0;122;4010;1122;0;0;0;0;938;0;12;0;0;204;984;0;0;0;792;398;0;0;68;0;0
20130531T132800;0;0;0;2432;24;0;0;300;0;124;4020;1116;0;0;0;0;936;0;16;0;0;200;984;0;0;0;784;400;0;0;64;0;0
20130531T132900;0;0;0;2436;30;0;0;296;0;126;4030;1110;0;0;0;0;934;0;20;0;0;196;984;0;0;0;776;402;0;0;60;0;0
20130531T133000;0;0;2;2446;20;0;0;300;0;120;4040;1116;0;0;0;0;940;0;8;0;0;200;972;0;0;0;776;400;0;0;60;0;0
20130531T133100;0;0;0;2456;10;0;0;304;0;114;4050;1122;0;0;0;0;946;0;0;0;0;204;960;0;0;0;776;398;0;0;60;0;0
20130531T133200;0;0;0;2460;0;0;0;308;0;108;4060;1128;0;0;0;0;948;0;0;0;0;208;948;0;0;0;776;396;0;0;60;0;0
20130531T133300;0;0;0;2464;0;0;0;312;0;102;4060;1134;0;0;0;0;950;0;0;0;0;212;936;0;0;0;776;394;0;0;60;0;0
20130531T133400;0;0;0;2468;0;0;0;316;0;96;4060;1140;0;0;0;0;952;0;0;0;0;216;924;0;0;0;776;392;0;0;60;0;0
20130531T133500;0;0;0;2472;6;0;0;312;0;98;4070;1134;0;0;0;0;950;0;4;0;0;212;924;0;0;0;768;394;0;0;56;0;0
20130531T133600;0;0;0;2476;12;0;0;308;0;100;4080;1128;0;0;0;0;948;0;8;0;0;208;924;0;0;0;760;396;0;0;52;0;0
20130531T133700;0;0;0;2480;18;0;0;304;0;102;4090;1122;0;0;0;0;946;0;12;0;0;204;924;0;0;0;752;398;0;0;48;0;0
20130531T133800;0;0;0;2484;24;0;0;300;0;104;4100;1116;0;0;0;0;944;0;16;0;0;200;924;0;0;0;744;400;0;0;44;0;0
20130531T133900;0;0;0;2488;30;0;0;296;0;106;4110;1110;0;0;0;0;942;0;20;0;0;196;924;0;0;0;736;402;0;0;40;0;0
20130531T134000;0;0;2;2498;20;0;0;300;0;100;4120;1116;0;0;0;0;948;0;8;0;0;200;912;0;0;0;736;400;0;0;40;0;0
20130531T134100;0;0;0;2508;10;0;0;304;0;94;4130;1122;0;0;0;0;954;0;0;0;0;204;900;0;0;0;736;398;0;0;40;0;0
20130531T134200;0;0;0;2512;0;0;0;308;0;88;4140;1128;0;0;0;0;956;0;0;0;0;208;888;0;0;0;736;396;0;0;40;0;0
20130531T134300;0;0;0;2516;0;0;0;312;0;82;4140;1134;0;0;0;0;958;0;0;0;0;212;876;0;0;0;736;394;0;0;40;0;0
20130531T134400;0;0;0;2520;0;0;0;316;0;76;4140;1140;0;0;0;0;960;0;0;0;0;216;864;0;0;0;736;392;0;0;40;0;0
20130531T134500;0;0;0;2524;6;0;0;312;0;78;4150;1134;0;0;0;0;958;0;4;0;0;212;864;0;0;0;728;394;0;0;36;0;0
20130531T134600;0;0;0;2528;12;0;0;308;0;80;4160;1128;0;0;0;0;956;0;8;0;0;208;864;0;0;0;720;396;0;0;32;0;0
20130531T134700;0;0;0;2532;18;0;0;304;0;82;4170;1122;0;0;0;0;954;0;12;0;0;204;864;0;0;0;712;398;0;0;28;0;0
20130531T134800;0;0;0;2536;24;0;0;300;0;84;4180;1116;0;0;0;0;952;0;16;0;0;200;864;0;0;0;704;400;0;0;24;0;0
20130531T134900;0;0;0;2540;30;0;0;296;0;86;4190;1110;0;0;0;0;950;0;20;0;0;196;864;0;0;0;696;402;0;0;20;0;0
20130531T135000;0;0;2;2550;20;0;0;300;0;80;4200;1116;0;0;0;0;956;0;8;0;0;200;852;0;0;0;696;400;0;0;20;0;0
20130531T135100;0;0;0;2560;10;0;0;304;0;74;4210;1122;0;0;0;0;962;0;0;0;0;204;840;0;0;0;696;398;0;0;20;0;0
20130531T135200;0;0;0;2564;0;0;0;308;0;68;4220;1128;0;0;0;0;964;0;0;0;0;208;828;0;0;0;696;396;0;0;20;0;0
20130531T135300;0;0;0;2568;0;0;0;312;0;62;4220;1134;0;0;0;0;966;0;0;0;0;212;816;0;0;0;696;394;0;0;20;0;0
20130531T135400;0;0;0;2572;0;0;0;316;0;56;4220;1140;0;0;0;0;968;0;0;0;0;216;804;0;0;0;696;392;0;0;20;0;0
20130531T135500;0;0;0;2576;6;0;0;312;0;58;4230;1134;0;0;0;0;966;0;4;0;0;212;804;0;0;0;688;394;0;0;16;0;0
20130531T135600;0;0;0;2580;12;0;0;308;0;60;4240;1128;0;0;0;0;964;0;8;0;0;208;804;0;0;0;680;396;0;0;12;0;0
20130531T135700;0;0;0;2584;18;0;0;304;0;62;4250;1122;0;0;0;0;962;0;12;0;0;204;804;0;0;0;672;398;0;0;8;0;0
20130531T135800;0;0;0;2588;24;0;0;300;0;64;4260;1116;0;0;0;0;960;0;16;0;0;200;804;0;0;0;664;400;0;0;4;0;0
20130531T135900;0;0;0;2592;30;0;0;296;0;66;4270;1110;0;0;0;0;958;0;20;0;0;196;804;0;0;0;656;402;0;0;0;0;0
20130531T140000;0;0;2;2602;20;0;0;300;0;60;4280;1116;0;0;0;0;964;0;8;0;0;200;792;0;0;0;656;400;0;0;0;0;0
20130531T140100;0;0;0;2612;10;0;0;304;0;54;4290;1122;0;0;0;0;970;0;0;0;0;204;780;0;0;0;656;398;0;0;0;0;0
20130531T140200;0;0;0;2616;0;0;0;308;0;48;4300;1128;0;0;0;0;972;0;0;0;0;208;768;0;0;0;656;396;0;0;0;0;0
20130531T140300;0;0;0;2620;0;0;0;312;0;42;4300;1134;0;0;0;0;974;0;0;0;0;212;756;0;0;0;656;394;0;0;0;0;0
20130531T140400;0;0;0;2624;0;0;0;316;0;36;4300;1140;0;0;0;0;976;0;0;0;0;216;744;0;0;0;656;392;0;0;0;0;0
20130531T140500;0;0;0;2628;6;0;0;312;0;38;4310;1134;0;0;0;0;974;0;4;0;0;212;744;0;0;0;648;390;0;0;0;0;0
20130531T140600;0;0;0;2632;12;0;0;308;0;40;4320;1128;0;0;0;0;972;0;8;0;0;208;744;0;0;0;640;388;0;0;0;0;0
20130531T140700;0;0;0;2636;18;0;0;304;0;42;4330;1122;0;0;0;0;970;0;12;0;0;204;744;0;0;0;632;386;0;0;0;0;0
20130531T140800;0;0;0;2640;24;0;0;300;0;44;4340;1116;0;0;0;0;968;0;16;0;0;200;744;0;0;0;624;384;0;0;0;0;0
20130531T140900;0;0;0;2644;30;0;0;296;0;46;4350;1110;0;0;0;0;966;0;20;0;0;196;744;0;0;0;616;382;0;0;0;0;0
20130531T141000;0;0;2;2654;20;0;0;300;0;40;4360;1116;0;0;0;0;972;0;8;0;0;200;732;0;0;0;616;380;0;0;0;0;0
20130531T141100;0;0;0;2664;10;0;0;304;0;34;4370;1122;0;0;0;0;978;0;0;0;0;204;720;0;0;0;616;378;0;0;0;0;0
20130531T141200;0;0;0;2668;0;0;0;308;0;28;4380;1128;0;0;0;0;980;0;0;0;0;208;708;0;0;0;616;376;0;0;0;0;0
20130531T141300;0;0;0;2672;0;0;0;312;0;22;4380;1134;0;0;0;0;982;0;0;0;0;212;696;0;0;0;616;374;0;0;0;0;0
20130531T141400;0;0;0;2676;0;0;0;316;0;16;4380;1140;0;0;0;0;984;0;0;0;0;216;684;0;0;0;616;372;0;0;0;0;0
20130531T141500;0;0;0;2680;6;0;0;312;0;18;4390;1134;0;0;0;0;982;0;4;0;0;212;684;0;0;0;608;370;0;0;0;0;0
20130531T141600;0;0;0;2684;12;0;0;308;0;20;4400;1128;0;0;0;0;980;0;8;0;0;208;684;0;0;0;600;368;0;0;0;0;0
20130531T141700;0;0;0;2688;18;0;0;304;0;22;4410;1122;0;0;0;0;978;0;12;0;0;204;684;0;0;0;592;366;0;0;0;0;0
20130531T141800;0;0;0;2692;24;0;0;300;0;24;4420;1116;0;0;0;0;976;0;16;0;0;200;684;0;0;0;584;364;0;0;0;0;0
20130531T141900;0;0;0;2696;30;0;0;296;0;26;4430;1110;0;0;0;0;974;0;20;0;0;196;684;0;0;0;576;362;0;0;0;0;0
20130531T142000;0;0;2;2706;20;0;0;300;0;20;4440;1116;0;0;0;0;980;0;8;0;0;200;672;0;0;0;576;360;0;0;0;0;0
20130531T142100;0;0;0;2716;10;0;0;304;0;14;4450;1122;0;0;0;0;986;0;0;0;0;204;660;0;0;0;576;358;0;0;0;0;0
20130531T142200;0;0;0;2720;0;0;0;308;0;8;4460;1128;0;0;0;0;988;0;0;0;0;208;648;0;0;0;576;356;0;0;0;0;0
20130531T142300;0;0;0;2724;0;0;0;312;0;2;4460;1134;0;0;0;0;990;0;0;0;0;212;636;0;0;0;576;354;0;0;0;0;0
20130531T142400;0;0;0;2728;0;0;0;316;0;0;4460;1140;0;0;0;0;992;0;0;0;0;216;624;0;0;0;572;352;0;0;0;0;0
20130531T142500;0;0;0;2732;6;0;0;312;0;2;4470;1134;0;0;0;0;990;0;4;0;0;212;624;0;0;0;564;350;0;0;0;0;0
20130531T142600;0;0;0;2736;12;0;0;308;0;4;4480;1128;0;0;0;0;988;0;8;0;0;208;624;0;0;0;556;348;0;0;0;0;0
20130531T142700;0;0;0;2740;18;0;0;304;0;6;4490;1122;0;0;0;0;986;0;12;0;0;204;624;0;0;0;548;346;0;0;0;0;0
20130531T142800;0;0;0;2744;24;0;0;300;0;8;4500;1116;0;0;0;0;984;0;16;0;0;200;624;0;0;0;540;344;0;0;0;0;0
20130531T142900;0;0;0;2748;30;0;0;296;0;10;4510;1110;0;0;0;0;982;0;20;0;0;196;624;0;0;0;532;342;0;0;0;0;0
20130531T143000;0;0;2;2758;20;0;0;300;0;4;4520;1116;0;0;0;0;988;0;8;0;0;200;612;0;0;0;532;340;0;0;0;0;0
20130531T143100;0;0;0;2768;10;0;0;304;0;0;4530;1122;0;0;0;0;994;0;0;0;0;204;600;0;0;0;530;338;0;0;0;0;0
20130531T143200;0;0;0;2772;0;0;0;308;0;0;4540;1128;0;0;0;0;996;0;0;0;0;208;588;0;0;0;524;336;0;0;0;0;0
20130531T143300;0;0;0;2776;0;0;0;312;0;0;4540;1134;0;0;0;0;998;0;0;0;0;212;576;0;0;0;518;334;0;0;0;0;0
20130531T143400;0;0;0;2780;0;0;0;316;0;0;4540;1140;0;0;0;0;1000;0;0;0;0;216;564;0;0;0;512;332;0;0;0;0;0
20130531T143500;0;0;0;2784;6;0;0;312;0;2;4550;1134;0;0;0;0;998;0;4;0;0;212;564;0;0;0;504;330;0;0;0;0;0
20130531T143600;0;0;0;2788;12;0;0;308;0;4;4560;1128;0;0;0;0;996;0;8;0;0;208;564;0;0;0;496;328;0;0;0;0;0
20130531T143700;0;0;0;2792;18;0;0;304;0;6;4570;1122;0;0;0;0;994;0;12;0;0;204;564;0;0;0;488;326;0;0;0;0;0
20130531T143800;0;0;0;2796;24;0;0;300;0;8;4580;1116;0;0;0;0;992;0;16;0;0;200;564;0;0;0;480;324;0;0;0;0;0
20130531T143900;0;0;0;2800;30;0;0;296;0;10;4590;1110;0;0;0;0;990;0;20;0;0;196;564;0;0;0;472;322;0;0;0;0;0
20130531T144000;0;0;2;2810;20;0;0;300;0;4;4600;1116;0;0;0;0;996;0;8;0;0;200;552;0;0;0;472;320;0;0;0;0;0
20130531T144100;0;0;0;2820;10;0;0;304;0;0;4610;1122;0;0;0;0;1002;0;0;0;0;204;540;0;0;0;470;318;0;0;0;0;0
20130531T144200;0;0;0;2824;0;0;0;308;0;0;4620;1128;0;0;0;0;1004;0;0;0;0;208;528;0;0;0;464;316;0;0;0;0;0
20130531T144300;0;0;0;2828;0;0;0;312;0;0;4620;1134;0;0;0;0;1006;0;0;0;0;212;516;0;0;0;458;314;0;0;0;0;0
20130531T144400;0;0;0;2832;0;0;0;316;0;0;4620;1140;0;0;0;0;1008;0;0;0;0;216;504;0;0;0;452;312;0;0;0;0;0
20130531T144500;0;0;0;2836;6;0;0;312;0;2;4630;1134;0;0;0;0;1006;0;4;0;0;212;504;0;0;0;444;310;0;0;0;0;0
20130531T144600;0;0;0;2840;12;0;0;308;0;4;4640;1128;0;0;0;0;1004;0;8;0;0;208;504;0;0;0;436;308;0;0;0;0;0
20130531T144700;0;0;0;2844;18;0;0;304;0;6;4650;1122;0;0;0;0;1002;0;12;0;0;204;504;0;0;0;428;306;0;0;0;0;0
20130531T144800;0;0;0;2848;24;0;0;300;0;8;4660;1116;0;0;0;0;1000;0;16;0;0;200;504;0;0;0;420;304;0;0;0;0;0
20130531T144900;0;0;0;2852;30;0;0;296;0;10;4670;1110;0;0;0;0;998;0;20;0;0;196;504;0;0;0;412;302;0;0;0;0;0
20130531T145000;0;0;2;2862;20;0;0;300;0;4;4680;1116;0;0;0;0;1004;0;8;0;0;200;492;0;0;0;412;300;0;0;0;0;0
20130531T145100;0;0;0;2872;10;0;0;304;0;0;4690;1122;0;0;0;0;1010;0;0;0;0;204;480;0;0;0;410;298;0;0;0;0;0
20130531T145200;0;0;0;2876;0;0;0;308;0;0;4700;1128;0;0;0;0;1012;0;0;0;0;208;468;0;0;0;404;296;0;0;0;0;0
20130531T145300;0;0;0;2880;0;0;0;312;0;0;4700;1134;0;0;0;0;1014;0;0;0;0;212;456;0;0;0;398;294;0;0;0;0;0
20130531T145400;0;0;0;2884;0;0;0;316;0;0;4700;1140;0;0;0;0;1016;0;0;0;0;216;444;0;0;0;392;292;0;0;0;0;0
20130531T145500;0;0;0;2888;6;0;0;312;0;2;4710;1134;0;0;0;0;1014;0;4;0;0;212;444;0;0;0;384;290;0;0;0;0;0
20130531T145600;0;0;0;2892;12;0;0;308;0;4;4720;1128;0;0;0;0;1012;0;8;0;0;208;444;0;0;0;376;288;0;0;0;0;0
20130531T145700;0;0;0;2896;18;0;0;304;0;6;4730;1122;0;0;0;0;1010;0;12;0;0;204;444;0;0;0;368;286;0;0;0;0;0
20130531T145800;0;0;0;2900;24;0;0;300;0;8;4740;1116;0;0;0;0;1008;0;16;0;0;200;444;0;0;0;360;284;0;0;0;0;0
20130531T145900;0;0;0;2904;30;0;0;296;0;10;4750;1110;0;0;0;0;1006;0;20;0;0;196;444;0;0;0;352;282;0;0;0;0;0
20130531T150000;0;0;2;2914;20;0;0;300;0;4;4760;1116;0;0;0;0;1012;0;8;0;0;200;432;0;0;0;352;280;0;0;0;0;0
20130531T150100;0;0;0;2924;10;0;0;304;0;0;4770;1122;0;0;0;0;1018;0;0;0;0;204;420;0;0;0;350;278;0;0;0;0;0
20130531T150200;0;0;0;2928;0;0;0;308;0;0;4780;1128;0;0;0;0;1020;0;0;0;0;208;408;0;0;0;344;276;0;0;0;0;0
20130531T150300;0;0;0;2932;0;0;0;312;0;0;4780;1134;0;0;0;0;1022;0;0;0;0;212;396;0;0;0;338;274;0;0;0;0;0
20130531T150400;0;0;0;2936;0;0;0;316;0;0;4780;1140;0;0;0;0;1024;0;0;0;0;216;384;0;0;0;332;272;0;0;0;0;0
20130531T150500;0;0;0;2940;6;0;0;312;0;2;4790;1134;0;0;0;0;1022;0;4;0;0;212;384;0;0;0;324;270;0;0;0;0;0
20130531T150600;0;0;0;2944;12;0;0;308;0;4;4800;1128;0;0;0;0;1020;0;8;0;0;208;384;0;0;0;316;268;0;0;0;0;0
20130531T150700;0;0;0;2948;18;0;0;304;0;6;4810;1122;0;0;0;0;1018;0;12;0;0;204;384;0;0;0;308;266;0;0;0;0;0
20130531T150800;0;0;0;2952;24;0;0;300;0;8;4820;1116;0;0;0;0;1016;0;16;0;0;200;384;0;0;0;300;264;0;0;0;0;0
20130531T150900;0;0;0;2956;30;0;0;296;0;10;4830;1110;0;0;0;0;1014;0;20;0;0;196;384;0;0;0;292;262;0;0;0;0;0
20130531T151000;0;0;2;2966;20;0;0;300;0;4;4840;1116;0;0;0;0;1020;0;8;0;0;200;372;0;0;0;292;260;0;0;0;0;0
20130531T151100;0;0;0;2976;10;0;0;304;0;0;4850;1122;0;0;0;0;1026;0;0;0;0;204;360;0;0;0;290;258;0;0;0;0;0
20130531T151200;0;0;0;2980;0;0;0;308;0;0;4860;1128;0;0;0;0;1028;0;0;0;0;208;348;0;0;0;284;256;0;0;0;0;0
20130531T151300;0;0;0;2984;0;0;0;312;0;0;4860;1134;0;0;0;0;1030;0;0;0;0;212;336;0;0;0;278;254;0;0;0;0;0
20130531T151400;0;0;0;2988;0;0;0;316;0;0;4860;1140;0;0;0;0;1032;0;0;0;0;216;324;0;0;0;272;252;0;0;0;0;0
20130531T151500;0;0;0;2992;6;0;0;312;0;2;4870;1134;0;0;0;0;1030;0;4;0;0;212;324;0;0;0;264;250;0;0;0;0;0
20130531T151600;0;0;0;2996;12;0;0;308;0;4;4880;1128;0;0;0;0;1028;0;8;0;0;208;324;0;0;0;256;248;0;0;0;0;0
20130531T151700;0;0;0;3000;18;0;0;304;0;6;4890;1122;0;0;0;0;1026;0;12;0;0;204;324;0;0;0;248;246;0;0;0;0;0
20130531T151800;0;0;0;3004;24;0;0;300;0;8;4900;1116;0;0;0;0;1024;0;16;0;0;200;324;0;0;0;240;244;0;0;0;0;0
20130531T151900;0;0;0;3008;30;0;0;296;0;10;4910;1110;0;0;0;0;1022;0;20;0;0;196;324;0;0;0;232;242;0;0;0;0;0
20130531T152000;0;0;2;3018;20;0;0;300;0;4;4920;1116;0;0;0;0;1028;0;8;0;0;200;312;0;0;0;232;240;0;0;0;0;0
20130531T152100;0;0;0;3028;10;0;0;304;0;0;4930;1122;0;0;0;0;1034;0;0;0;0;204;300;0;0;0;230;238;0;0;0;0;0
20130531T152200;0;0;0;3032;0;0;0;308;0;0;4940;1128;0;0;0;0;1036;0;0;0;0;208;288;0;0;0;224;236;0;0;0;0;0
20130531T152300;0;0;0;3036;0;0;0;312;0;0;4940;1134;0;0;0;0;1038;0;0;0;0;212;276;0;0;0;218;234;0;0;0;0;0
20130531T152400;0;0;0;3040;0;0;0;316;0;0;4940;1140;0;0;0;0;1040;0;0;0;0;216;264;0;0;0;212;232;0;0;0;0;0
20130531T152500;0;0;0;3044;6;0;0;312;0;2;4950;1134;0;0;0;0;1038;0;4;0;0;212;264;0;0;0;204;230;0;0;0;0;0
20130531T152600;0;0;0;3048;12;0;0;308;0;4;4960;1128;0;0;0;0;1036;0;8;0;0;208;264;0;0;0;196;228;0;0;0;0;0
20130531T152700;0;0;0;3052;18;0;0;304;0;6;4970;1122;0;0;0;0;1034;0;12;0;0;204;264;0;0;0;188;226;0;0;0;0;0
20130531T152800;0;0;0;3056;24;0;0;300;0;8;4980;1116;0;0;0;0;1032;0;16;0;0;200;264;0;0;0;180;224;0;0;0;0;0
20130531T152900;0;0;0;3060;30;0;0;296;0;10;4990;1110;0;0;0;0;1030;0;20;0;0;196;264;0;0;0;172;222;0;0;0;0;0
20130531T153000;0;0;2;3070;20;0;0;300;0;4;5000;1116;0;0;0;0;1036;0;8;0;0;200;252;0;0;0;172;220;0;0;0;0;0
20130531T153100;0;0;0;3080;10;0;0;304;0;0;5010;1122;0;0;0;0;1042;0;0;0;0;204;240;0;0;0;170;218;0;0;0;0;0
20130531T153200;0;0;0;3084;0;0;0;308;0;0;5020;1128;0;0;0;0;1044;0;0;0;0;208;228;0;0;0;164;216;0;0;0;0;0
20130531T153300;0;0;0;3088;0;0;0;312;0;0;5020;1134;0;0;0;0;1046;0;0;0;0;212;216;0;0;0;158;214;0;0;0;0;0
20130531T153400;0;0;0;3092;0;0;0;316;0;0;5020;1140;0;0;0;0;1048;0;0;0;0;216;204;0;0;0;152;212;0;0;0;0;0
20130531T153500;0;0;0;3096;6;0;0;312;0;2;5030;1134;0;0;0;0;1046;0;4;0;0;212;204;0;0;0;144;210;0;0;0;0;0
20130531T153600;0;0;0;3100;12;0;0;308;0;4;5040;1128;0;0;0;0;1044;0;8;0;0;208;204;0;0;0;136;208;0;0;0;0;0
20130531T153700;0;0;0;3104;18;0;0;304;0;6;5050;1122;0;0;0;0;1042;0;12;0;0;204;204;0;0;0;128;206;0;0;0;0;0
20130531T153800;0;0;0;3108;24;0;0;300;0;8;5060;1116;0;0;0;0;1040;0;16;0;0;200;204;0;0;0;120;204;0;0;0;0;0
20130531T153900;0;0;0;3112;30;0;0;296;0;10;5070;1110;0;0;0;0;1038;0;20;0;0;196;204;0;0;0;112;202;0;0;0;0;0
20130531T154000;0;0;2;3122;20;0;0;300;0;4;5080;1116;0;0;0;0;1044;0;8;0;0;200;192;0;0;0;112;200;0;0;0;0;0
20130531T154100;0;0;0;3132;10;0;0;304;0;0;5090;1122;0;0;0;0;1050;0;0;0;0;204;180;0;0;0;110;198;0;0;0;0;0
20130531T154200;0;0;0;3136;0;0;0;308;0;0;5100;1128;0;0;0;0;1052;0;0;0;0;208;168;0;0;0;104;196;0;0;0;0;0
20130531T154300;0;0;0;3140;0;0;0;312;0;0;5100;1134;0;0;0;0;1054;0;0;0;0;212;156;0;0;0;98;194;0;0;0;0;0
20130531T154400;0;0;0;3144;0;0;0;316;0;0;5100;1140;0;0;0;0;1056;0;0;0;0;216;144;0;0;0;92;192;0;0;0;0;0
20130531T154500;0;0;0;3148;6;0;0;312;0;2;5110;1134;0;0;0;0;1054;0;4;0;0;212;144;0;0;0;84;190;0;0;0;0;0
20130531T154600;0;0;0;3152;12;0;0;308;0;4;5120;1128;0;0;0;0;1052;0;8;0;0;208;144;0;0;0;76;188;0;0;0;0;0
20130531T154700;0;0;0;3156;18;0;0;304;0;6;5130;1122;0;0;0;0;1050;0;12;0;0;204;144;0;0;0;68;186;0;0;0;0;0
20130531T154800;0;0;0;3160;24;0;0;300;0;8;5140;1116;0;0;0;0;1048;0;16;0;0;200;144;0;0;0;60;184;0;0;0;0;0
20130531T154900;0;0;0;3164;30;0;0;296;0;10;5150;1110;0;0;0;0;1046;0;20;0;0;196;144;0;0;0;52;182;0;0;0;0;0
20130531T155000;0;0;2;3174;20;0;0;300;0;4;5160;1116;0;0;0;0;1052;0;8;0;0;200;132;0;0;0;52;180;0;0;0;0;0
20130531T155100;0;0;0;3184;10;0;0;304;0;0;5170;1122;0;0;0;0;1058;0;0;0;0;204;120;0;0;0;50;178;0;0;0;0;0
20130531T155200;0;0;0;3188;0;0;0;308;0;0;5180;1128;0;0;0;0;1060;0;0;0;0;208;108;0;0;0;44;176;0;0;0;0;0
20130531T155300;0;0;0;3192;0;0;0;312;0;0;5180;1134;0;0;0;0;1062;0;0;0;0;212;96;0;0;0;38;174;0;0;0;0;0
20130531T155400;0;0;0;3196;0;0;0;316;0;0;5180;1140;0;0;0;0;1064;0;0;0;0;216;84;0;0;0;32;172;0;0;0;0;0
20130531T155500;0;0;0;3200;6;0;0;312;0;2;5190;1134;0;0;0;0;1062;0;4;0;0;212;84;0;0;0;24;170;0;0;0;0;0
20130531T155600;0;0;0;3204;12;0;0;308;0;4;5200;1128;0;0;0;0;1060;0;8;0;0;208;84;0;0;0;16;168;0;0;0;0;0
20130531T155700;0;0;0;3208;18;0;0;304;0;6;5210;1122;0;0;0;0;1058;0;12;0;0;204;84;0;0;0;8;166;0;0;0;0;0
20130531T155800;0;0;0;3212;24;0;0;300;0;8;5220;1116;0;0;0;0;1056;0;16;0;0;200;84;0;0;0;0;164;0;0;0;0;0
20130531T155900;0;0;0;3216;30;0;0;296;0;10;5230;1110;0;0;0;0;1054;0;16;0;0;192;84;0;0;0;0;162;0;0;0;0;0
20130531T160000;0;0;2;3226;20;0;0;300;0;4;5240;1116;0;0;0;0;1060;0;4;0;0;196;72;0;0;0;0;160;0;0;0;0;0
20130531T160100;0;0;0;3232;10;0;0;304;0;0;5250;1122;0;0;0;0;1064;0;0;0;0;200;60;0;0;0;0;158;0;0;0;0;0
20130531T160200;0;0;0;3236;0;0;0;308;0;0;5260;1128;0;0;0;0;1062;0;0;0;0;202;48;0;0;0;0;156;0;0;0;0;0
20130531T160300;0;0;0;3240;0;0;0;312;0;0;5260;1134;0;0;0;0;1060;0;0;0;0;204;36;0;0;0;0;154;0;0;0;0;0
20130531T160400;0;0;0;3244;0;0;0;316;0;0;5260;1140;0;0;0;0;1058;0;0;0;0;206;24;0;0;0;0;152;0;0;0;0;0
20130531T160500;0;0;0;3248;6;0;0;312;0;2;5270;1134;0;0;0;0;1056;0;0;0;0;198;24;0;0;0;0;150;0;0;0;0;0
20130531T160600;0;0;0;3252;12;0;0;308;0;4;5280;1128;0;0;0;0;1054;0;0;0;0;190;24;0;0;0;0;148;0;0;0;0;0
20130531T160700;0;0;0;3256;18;0;0;304;0;6;5290;1122;0;0;0;0;1052;0;0;0;0;182;24;0;0;0;0;146;0;0;0;0;0
20130531T160800;0;0;0;3260;24;0;0;300;0;8;5300;1116;0;0;0;0;1050;0;0;0;0;174;24;0;0;0;0;144;0;0;0;0;0
20130531T160900;0;0;0;3264;30;0;0;296;0;10;5310;1110;0;0;0;0;1048;0;0;0;0;166;24;0;0;0;0;142;0;0;0;0;0
20130531T161000;0;0;0;3268;20;0;0;300;0;4;5320;1116;0;0;0;0;1050;0;0;0;0;170;12;0;0;0;0;140;0;0;0;0;0
20130531T161100;0;0;0;3272;10;0;0;304;0;0;5330;1122;0;0;0;0;1050;0;0;0;0;174;0;0;0;0;0;138;0;0;0;0;0
20130531T161200;0;0;0;3276;0;0;0;308;0;0;5340;1116;0;0;0;0;1048;0;0;0;0;176;0;0;0;0;0;136;0;0;0;0;0
20130531T161300;0;0;0;3280;0;0;0;312;0;0;5340;1110;0;0;0;0;1046;0;0;0;0;178;0;0;0;0;0;134;0;0;0;0;0
20130531T161400;0;0;0;3284;0;0;0;316;0;0;5340;1104;0;0;0;0;1044;0;0;0;0;180;0;0;0;0;0;132;0;0;0;0;0
20130531T161500;0;0;0;3288;6;0;0;312;0;2;5350;1098;0;0;0;0;1042;0;0;0;0;172;0;0;0;0;0;130;0;0;0;0;0
20130531T161600;0;0;0;3292;12;0;0;308;0;4;5360;1092;0;0;0;0;1040;0;0;0;0;164;0;0;0;0;0;128;0;0;0;0;0
20130531T161700;0;0;0;3296;18;0;0;304;0;6;5370;1086;0;0;0;0;1038;0;0;0;0;156;0;0;0;0;0;126;0;0;0;0;0
20130531T161800;0;0;0;3300;24;0;0;300;0;8;5380;1080;0;0;0;0;1036;0;0;0;0;148;0;0;0;0;0;124;0;0;0;0;0
20130531T161900;0;0;0;3304;30;0;0;296;0;10;5390;1074;0;0;0;0;1034;0;0;0;0;140;0;0;0;0;0;122;0;0;0;0;0
20130531T162000;0;0;0;3308;20;0;0;300;0;4;5400;1068;0;0;0;0;1036;0;0;0;0;144;0;0;0;0;0;120;0;0;0;0;0
20130531T162100;0;0;0;3312;10;0;0;304;0;0;5410;1062;0;0;0;0;1036;0;0;0;0;148;0;0;0;0;0;118;0;0;0;0;0
20130531T162200;0;0;0;3316;0;0;0;308;0;0;5420;1056;0;0;0;0;1034;0;0;0;0;150;0;0;0;0;0;116;0;0;0;0;0
20130531T162300;0;0;0;3320;0;0;0;312;0;0;5420;1050;0;0;0;0;1032;0;0;0;0;152;0;0;0;0;0;114;0;0;0;0;0
20130531T162400;0;0;0;3324;0;0;0;316;0;0;5420;1044;0;0;0;0;1030;0;0;0;0;154;0;0;0;0;0;112;0;0;0;0;0
20130531T162500;0;0;0;3328;6;0;0;312;0;2;5430;1038;0;0;0;0;1028;0;0;0;0;146;0;0;0;0;0;110;0;0;0;0;0
20130531T162600;0;0;0;3332;12;0;0;308;0;4;5440;1032;0;0;0;0;1026;0;0;0;0;138;0;0;0;0;0;108;0;0;0;0;0
20130531T162700;0;0;0;3336;18;0;0;304;0;6;5450;1026;0;0;0;0;1024;0;0;0;0;130;0;0;0;0;0;106;0;0;0;0;0
20130531T162800;0;0;0;3340;24;0;0;300;0;8;5460;1020;0;0;0;0;1022;0;0;0;0;122;0;0;0;0;0;104;0;0;0;0;0
20130531T162900;0;0;0;3344;30;0;0;296;0;10;5470;1014;0;0;0;0;1020;0;0;0;0;114;0;0;0;0;0;102;0;0;0;0;0
20130531T163000;0;0;0;3348;20;0;0;300;0;4;5480;1008;0;0;0;0;1022;0;0;0;0;118;0;0;0;0;0;100;0;0;0;0;0
20130531T163100;0;0;0;3352;10;0;0;304;0;0;5490;1002;0;0;0;0;1022;0;0;0;0;122;0;0;0;0;0;98;0;0;0;0;0
20130531T163200;0;0;0;3356;0;0;0;308;0;0;5500;996;0;0;0;0;1020;0;0;0;0;124;0;0;0;0;0;96;0;0;0;0;0
20130531T163300;0;0;0;3360;0;0;0;312;0;0;5500;990;0;0;0;0;1018;0;0;0;0;126;0;0;0;0;0;94;0;0;0;0;0
20130531T163400;0;0;0;3364;0;0;0;316;0;0;5500;984;0;0;0;0;1016;0;0;0;0;128;0;0;0;0;0;92;0;0;0;0;0
20130531T163500;0;0;0;3368;6;0;0;312;0;2;5510;978;0;0;0;0;1014;0;0;0;0;120;0;0;0;0;0;90;0;0;0;0;0
20130531T163600;0;0;0;3372;12;0;0;308;0;4;5520;972;0;0;0;0;1012;0;0;0;0;112;0;0;0;0;0;88;0;0;0;0;0
20130531T163700;0;0;0;3376;18;0;0;304;0;6;5530;966;0;0;0;0;1010;0;0;0;0;104;0;0;0;0;0;86;0;0;0;0;0
20130531T163800;0;0;0;3380;24;0;0;300;0;8;5540;960;0;0;0;0;1008;0;0;0;0;96;0;0;0;0;0;84;0;0;0;0;0
20130531T163900;0;0;0;3384;30;0;0;296;0;10;5550;954;0;0;0;0;1006;0;0;0;0;88;0;0;0;0;0;82;0;0;0;0;0
20130531T164000;0;0;0;3388;20;0;0;300;0;4;5560;948;0;0;0;0;1008;0;0;0;0;92;0;0;0;0;0;80;0;0;0;0;0
20130531T164100;0;0;0;3392;10;0;0;304;0;0;5570;942;0;0;0;0;1008;0;0;0;0;96;0;0;0;0;0;78;0;0;0;0;0
20130531T164200;0;0;0;3396;0;0;0;308;0;0;5580;936;0;0;0;0;1006;0;0;0;0;98;0;0;0;0;0;76;0;0;0;0;0
20130531T164300;0;0;0;3400;0;0;0;312;0;0;5580;930;0;0;0;0;1004;0;0;0;0;100;0;0;0;0;0;74;0;0;0;0;0
20130531T164400;0;0;0;3404;0;0;0;316;0;0;5580;924;0;0;0;0;1002;0;0;0;0;102;0;0;0;0;0;72;0;0;0;0;0
20130531T164500;0;0;0;3408;6;0;0;312;0;2;5590;918;0;0;0;0;1000;0;0;0;0;94;0;0;0;0;0;70;0;0;0;0;0
20130531T164600;0;0;0;3412;12;0;0;308;0;4;5600;912;0;0;0;0;998;0;0;0;0;86;0;0;0;0;0;68;0;0;0;0;0
20130531T164700;0;0;0;3416;18;0;0;304;0;6;5610;906;0;0;0;0;996;0;0;0;0;78;0;0;0;0;0;66;0;0;0;0;0
20130531T164800;0;0;0;3420;24;0;0;300;0;8;5620;900;0;0;0;0;994;0;0;0;0;70;0;0;0;0;0;64;0;0;0;0;0
20130531T164900;0;0;0;3424;30;0;0;296;0;10;5630;894;0;0;0;0;992;0;0;0;0;62;0;0;0;0;0;62;0;0;0;0;0
20130531T165000;0;0;0;3428;20;0;0;300;0;4;5640;888;0;0;0;0;994;0;0;0;0;66;0;0;0;0;0;60;0;0;0;0;0
20130531T165100;0;0;0;3432;10;0;0;304;0;0;5650;882;0;0;0;0;994;0;0;0;0;70;0;0;0;0;0;58;0;0;0;0;0
20130531T165200;0;0;0;3436;0;0;0;308;0;0;5660;876;0;0;0;0;992;0;0;0;0;72;0;0;0;0;0;56;0;0;0;0;0
20130531T165300;0;0;0;3440;0;0;0;312;0;0;5660;870;0;0;0;0;990;0;0;0;0;74;0;0;0;0;0;54;0;0;0;0;0
20130531T165400;0;0;0;3444;0;0;0;316;0;0;5660;864;0;0;0;0;988;0;0;0;0;76;0;0;0;0;0;52;0;0;0;0;0
20130531T165500;0;0;0;3448;6;0;0;312;0;2;5670;858;0;0;0;0;986;0;0;0;0;68;0;0;0;0;0;50;0;0;0;0;0
20130531T165600;0;0;0;3452;12;0;0;308;0;4;5680;852;0;0;0;0;984;0;0;0;0;60;0;0;0;0;0;48;0;0;0;0;0
20130531T165700;0;0;0;3456;18;0;0;304;0;6;5690;846;0;0;0;0;982;0;0;0;0;52;0;0;0;0;0;46;0;0;0;0;0
20130531T165800;0;0;0;3460;24;0;0;300;0;8;5700;840;0;0;0;0;980;0;0;0;0;44;0;0;0;0;0;44;0;0;0;0;0
20130531T165900;0;0;0;3464;30;0;0;296;0;10;5710;834;0;0;0;0;978;0;0;0;0;36;0;0;0;0;0;42;0;0;0;0;0
20130531T170000;0;0;0;3468;20;0;0;300;0;4;5720;828;0;0;0;0;980;0;0;0;0;40;0;0;0;0;0;40;0;0;0;0;0
