#datetime;TLU#1:examples.TLU.S.state;TLU#1:examples.TLU.T.changeTime;TLU#2:examples.TLU.S.state;TLU#2:examples.TLU.T.changeTime;TLU#3:examples.TLU.S.state;TLU#3:examples.TLU.T.changeTime;TLU#4:examples.TLU.S.state;TLU#4:examples.TLU.T.changeTime;TLU#5:examples.TLU.S.state;TLU#5:examples.TLU.T.changeTime;TLU#6:examples.TLU.S.state;TLU#6:examples.TLU.T.changeTime
20130531T090000;false;300;true;300;true;300;true;300;false;300;false;300
20130531T090100;false;300;true;300;true;300;true;300;false;300;false;300
20130531T090200;false;300;true;300;true;300;true;300;false;300;false;300
20130531T090300;false;300;true;300;true;300;true;300;false;300;false;300
20130531T090400;false;300;true;300;true;300;true;300;false;300;false;300
20130531T090500;true;600;false;600;false;600;false;600;true;600;true;600
20130531T090600;true;600;false;600;false;600;false;600;true;600;true;600
20130531T090700;true;600;false;600;false;600;false;600;true;600;true;600
20130531T090800;true;600;false;600;false;600;false;600;true;600;true;600
20130531T090900;true;600;false;600;false;600;false;600;true;600;true;600
20130531T091000;false;900;true;900;true;900;true;900;false;900;false;900
20130531T091100;false;900;true;900;true;900;true;900;false;900;false;900
20130531T091200;false;900;true;900;true;900;true;900;false;900;false;900
20130531T091300;false;900;true;900;true;900;true;900;false;900;false;900
20130531T091400;false;900;true;900;true;900;true;900;false;900;false;900
20130531T091500;true;1200;false;1200;false;1200;false;1200;true;1200;true;1200
20130531T091600;true;1200;false;1200;false;1200;false;1200;true;1200;true;1200
20130531T091700;true;1200;false;1200;false;1200;false;1200;true;1200;true;1200
20130531T091800;true;1200;false;1200;false;1200;false;1200;true;1200;true;1200
20130531T091900;true;1200;false;1200;false;1200;false;1200;true;1200;true;1200
20130531T092000;false;1500;true;1500;true;1500;true;1500;false;1500;false;1500
20130531T092100;false;1500;true;1500;true;1500;true;1500;false;1500;false;1500
20130531T092200;false;1500;true;1500;true;1500;true;1500;false;1500;false;1500
20130531T092300;false;1500;true;1500;true;1500;true;1500;false;1500;false;1500
20130531T092400;false;1500;true;1500;true;1500;true;1500;false;1500;false;1500
20130531T092500;true;1800;false;1800;false;1800;false;1800;true;1800;true;1800
20130531T092600;true;1800;false;1800;false;1800;false;1800;true;1800;true;1800
20130531T092700;true;1800;false;1800;false;1800;false;1800;true;1800;true;1800
20130531T092800;true;1800;false;1800;false;1800;false;1800;true;1800;true;1800
20130531T092900;true;1800;false;1800;false;1800;false;1800;true;1800;true;1800
20130531T093000;false;2100;true;2100;true;2100;true;2100;false;2100;false;2100
20130531T093100;false;2100;true;2100;true;2100;true;2100;false;2100;false;2100
20130531T093200;false;2100;true;2100;true;2100;true;2100;false;2100;false;2100
20130531T093300;false;2100;true;2100;true;2100;true;2100;false;2100;false;2100
20130531T093400;false;2100;true;2100;true;2100;true;2100;false;2100;false;2100
20130531T093500;true;2400;false;2400;false;2400;false;2400;true;2400;true;2400
20130531T093600;true;2400;false;2400;false;2400;false;2400;true;2400;true;2400
20130531T093700;true;2400;false;2400;false;2400;false;2400;true;2400;true;2400
20130531T093800;true;2400;false;2400;false;2400;false;2400;true;2400;true;2400
20130531T093900;true;2400;false;2400;false;2400;false;2400;true;2400;true;2400
20130531T094000;false;2700;true;2700;true;2700;true;2700;false;2700;false;2700
20130531T094100;false;2700;true;2700;true;2700;true;2700;false;2700;false;2700
20130531T094200;false;2700;true;2700;true;2700;true;2700;false;2700;false;2700
20130531T094300;false;2700;true;2700;true;2700;true;2700;false;2700;false;2700
20130531T094400;false;2700;true;2700;true;2700;true;2700;false;2700;false;2700
20130531T094500;true;3000;false;3000;false;3000;false;3000;true;3000;true;3000
20130531T094600;true;3000;false;3000;false;3000;false;3000;true;3000;true;3000
20130531T094700;true;3000;false;3000;false;3000;false;3000;true;3000;true;3000
20130531T094800;true;3000;false;3000;false;3000;false;3000;true;3000;true;3000
20130531T094900;true;3000;false;3000;false;3000;false;3000;true;3000;true;3000
20130531T095000;false;3300;true;3300;true;3300;true;3300;false;3300;false;3300
20130531T095100;false;3300;true;3300;true;3300;true;3300;false;3300;false;3300
20130531T095200;false;3300;true;3300;true;3300;true;3300;false;3300;false;3300
20130531T095300;false;3300;true;3300;true;3300;true;3300;false;3300;false;3300
20130531T095400;false;3300;true;3300;true;3300;true;3300;false;3300;false;3300
20130531T095500;true;3600;false;3600;false;3600;false;3600;true;3600;true;3600
20130531T095600;true;3600;false;3600;false;3600;false;3600;true;3600;true;3600
20130531T095700;true;3600;false;3600;false;3600;false;3600;true;3600;true;3600
20130531T095800;true;3600;false;3600;false;3600;false;3600;true;3600;true;3600
20130531T095900;true;3600;false;3600;false;3600;false;3600;true;3600;true;3600
20130531T100000;false;3900;true;3900;true;3900;true;3900;false;3900;false;3900
20130531T100100;false;3900;true;3900;true;3900;true;3900;false;3900;false;3900
20130531T100200;false;3900;true;3900;true;3900;true;3900;false;3900;false;3900
20130531T100300;false;3900;true;3900;true;3900;true;3900;false;3900;false;3900
20130531T100400;false;3900;true;3900;true;3900;true;3900;false;3900;false;3900
20130531T100500;true;4200;false;4200;false;4200;false;4200;true;4200;true;4200
20130531T100600;true;4200;false;4200;false;4200;false;4200;true;4200;true;4200
20130531T100700;true;4200;false;4200;false;4200;false;4200;true;4200;true;4200
20130531T100800;true;4200;false;4200;false;4200;false;4200;true;4200;true;4200
20130531T100900;true;4200;false;4200;false;4200;false;4200;true;4200;true;4200
20130531T101000;false;4500;true;4500;true;4500;true;4500;false;4500;false;4500
20130531T101100;false;4500;true;4500;true;4500;true;4500;false;4500;false;4500
20130531T101200;false;4500;true;4500;true;4500;true;4500;false;4500;false;4500
20130531T101300;false;4500;true;4500;true;4500;true;4500;false;4500;false;4500
20130531T101400;false;4500;true;4500;true;4500;true;4500;false;4500;false;4500
20130531T101500;true;4800;false;4800;false;4800;false;4800;true;4800;true;4800
20130531T101600;true;4800;false;4800;false;4800;false;4800;true;4800;true;4800
20130531T101700;true;4800;false;4800;false;4800;false;4800;true;4800;true;4800
20130531T101800;true;4800;false;4800;false;4800;false;4800;true;4800;true;4800
20130531T101900;true;4800;false;4800;false;4800;false;4800;true;4800;true;4800
20130531T102000;false;5100;true;5100;true;5100;true;5100;false;5100;false;5100
20130531T102100;false;5100;true;5100;true;5100;true;5100;false;5100;false;5100
20130531T102200;false;5100;true;5100;true;5100;true;5100;false;5100;false;5100
20130531T102300;false;5100;true;5100;true;5100;true;5100;false;5100;false;5100
20130531T102400;false;5100;true;5100;true;5100;true;5100;false;5100;false;5100
20130531T102500;true;5400;false;5400;false;5400;false;5400;true;5400;true;5400
20130531T102600;true;5400;false;5400;false;5400;false;5400;true;5400;true;5400
20130531T102700;true;5400;false;5400;false;5400;false;5400;true;5400;true;5400
20130531T102800;true;5400;false;5400;false;5400;false;5400;true;5400;true;5400
20130531T102900;true;5400;false;5400;false;5400;false;5400;true;5400;true;5400
20130531T103000;false;5700;true;5700;true;5700;true;5700;false;5700;false;5700
20130531T103100;false;5700;true;5700;true;5700;true;5700;false;5700;false;5700
20130531T103200;false;5700;true;5700;true;5700;true;5700;false;5700;false;5700
20130531T103300;false;5700;true;5700;true;5700;true;5700;false;5700;false;5700
20130531T103400;false;5700;true;5700;true;5700;true;5700;false;5700;false;5700
20130531T103500;true;6000;false;6000;false;6000;false;6000;true;6000;true;6000
20130531T103600;true;6000;false;6000;false;6000;false;6000;true;6000;true;6000
20130531T103700;true;6000;false;6000;false;6000;false;6000;true;6000;true;6000
20130531T103800;true;6000;false;6000;false;6000;false;6000;true;6000;true;6000
20130531T103900;true;6000;false;6000;false;6000;false;6000;true;6000;true;6000
20130531T104000;false;6300;true;6300;true;6300;true;6300;false;6300;false;6300
20130531T104100;false;6300;true;6300;true;6300;true;6300;false;6300;false;6300
20130531T104200;false;6300;true;6300;true;6300;true;6300;false;6300;false;6300
20130531T104300;false;6300;true;6300;true;6300;true;6300;false;6300;false;6300
20130531T104400;false;6300;true;6300;true;6300;true;6300;false;6300;false;6300
20130531T104500;true;6600;false;6600;false;6600;false;6600;true;6600;true;6600
20130531T104600;true;6600;false;6600;false;6600;false;6600;true;6600;true;6600
20130531T104700;true;6600;false;6600;false;6600;false;6600;true;6600;true;6600
20130531T104800;true;6600;false;6600;false;6600;false;6600;true;6600;true;6600
20130531T104900;true;6600;false;6600;false;6600;false;6600;true;6600;true;6600
20130531T105000;false;6900;true;6900;true;6900;true;6900;false;6900;false;6900
20130531T105100;false;6900;true;6900;true;6900;true;6900;false;6900;false;6900
20130531T105200;false;6900;true;6900;true;6900;true;6900;false;6900;false;6900
20130531T105300;false;6900;true;6900;true;6900;true;6900;false;6900;false;6900
20130531T105400;false;6900;true;6900;true;6900;true;6900;false;6900;false;6900
20130531T105500;true;7200;false;7200;false;7200;false;7200;true;7200;true;7200
20130531T105600;true;7200;false;7200;false;7200;false;7200;true;7200;true;7200
20130531T105700;true;7200;false;7200;false;7200;false;7200;true;7200;true;7200
20130531T105800;true;7200;false;7200;false;7200;false;7200;true;7200;true;7200
20130531T105900;true;7200;false;7200;false;7200;false;7200;true;7200;true;7200
20130531T110000;false;7500;true;7500;true;7500;true;7500;false;7500;false;7500
20130531T110100;false;7500;true;7500;true;7500;true;7500;false;7500;false;7500
20130531T110200;false;7500;true;7500;true;7500;true;7500;false;7500;false;7500
20130531T110300;false;7500;true;7500;true;7500;true;7500;false;7500;false;7500
20130531T110400;false;7500;true;7500;true;7500;true;7500;false;7500;false;7500
20130531T110500;true;7800;false;7800;false;7800;false;7800;true;7800;true;7800
20130531T110600;true;7800;false;7800;false;7800;false;7800;true;7800;true;7800
20130531T110700;true;7800;false;7800;false;7800;false;7800;true;7800;true;7800
20130531T110800;true;7800;false;7800;false;7800;false;7800;true;7800;true;7800
20130531T110900;true;7800;false;7800;false;7800;false;7800;true;7800;true;7800
20130531T111000;false;8100;true;8100;true;8100;true;8100;false;8100;false;8100
20130531T111100;false;8100;true;8100;true;8100;true;8100;false;8100;false;8100
20130531T111200;false;8100;true;8100;true;8100;true;8100;false;8100;false;8100
20130531T111300;false;8100;true;8100;true;8100;true;8100;false;8100;false;8100
20130531T111400;false;8100;true;8100;true;8100;true;8100;false;8100;false;8100
20130531T111500;true;8400;false;8400;false;8400;false;8400;true;8400;true;8400
20130531T111600;true;8400;false;8400;false;8400;false;8400;true;8400;true;8400
20130531T111700;true;8400;false;8400;false;8400;false;8400;true;8400;true;8400
20130531T111800;true;8400;false;8400;false;8400;false;8400;true;8400;true;8400
20130531T111900;true;8400;false;8400;false;8400;false;8400;true;8400;true;8400
20130531T112000;false;8700;true;8700;true;8700;true;8700;false;8700;false;8700
20130531T112100;false;8700;true;8700;true;8700;true;8700;false;8700;false;8700
20130531T112200;false;8700;true;8700;true;8700;true;8700;false;8700;false;8700
20130531T112300;false;8700;true;8700;true;8700;true;8700;false;8700;false;8700
20130531T112400;false;8700;true;8700;true;8700;true;8700;false;8700;false;8700
20130531T112500;true;9000;false;9000;false;9000;false;9000;true;9000;true;9000
20130531T112600;true;9000;false;9000;false;9000;false;9000;true;9000;true;9000
20130531T112700;true;9000;false;9000;false;9000;false;9000;true;9000;true;9000
20130531T112800;true;9000;false;9000;false;9000;false;9000;true;9000;true;9000
20130531T112900;true;9000;false;9000;false;9000;false;9000;true;9000;true;9000
20130531T113000;false;9300;true;9300;true;9300;true;9300;false;9300;false;9300
20130531T113100;false;9300;true;9300;true;9300;true;9300;false;9300;false;9300
20130531T113200;false;9300;true;9300;true;9300;true;9300;false;9300;false;9300
20130531T113300;false;9300;true;9300;true;9300;true;9300;false;9300;false;9300
20130531T113400;false;9300;true;9300;true;9300;true;9300;false;9300;false;9300
20130531T113500;true;9600;false;9600;false;9600;false;9600;true;9600;true;9600
20130531T113600;true;9600;false;9600;false;9600;false;9600;true;9600;true;9600
20130531T113700;true;9600;false;9600;false;9600;false;9600;true;9600;true;9600
20130531T113800;true;9600;false;9600;false;9600;false;9600;true;9600;true;9600
20130531T113900;true;9600;false;9600;false;9600;false;9600;true;9600;true;9600
20130531T114000;false;9900;true;9900;true;9900;true;9900;false;9900;false;9900
20130531T114100;false;9900;true;9900;true;9900;true;9900;false;9900;false;9900
20130531T114200;false;9900;true;9900;true;9900;true;9900;false;9900;false;9900
20130531T114300;false;9900;true;9900;true;9900;true;9900;false;9900;false;9900
20130531T114400;false;9900;true;9900;true;9900;true;9900;false;9900;false;9900
20130531T114500;true;10200;false;10200;false;10200;false;10200;true;10200;true;10200
20130531T114600;true;10200;false;10200;false;10200;false;10200;true;10200;true;10200
20130531T114700;true;10200;false;10200;false;10200;false;10200;true;10200;true;10200
20130531T114800;true;10200;false;10200;false;10200;false;10200;true;10200;true;10200
20130531T114900;true;10200;false;10200;false;10200;false;10200;true;10200;true;10200
20130531T115000;false;10500;true;10500;true;10500;true;10500;false;10500;false;10500
20130531T115100;false;10500;true;10500;true;10500;true;10500;false;10500;false;10500
20130531T115200;false;10500;true;10500;true;10500;true;10500;false;10500;false;10500
20130531T115300;false;10500;true;10500;true;10500;true;10500;false;10500;false;10500
20130531T115400;false;10500;true;10500;true;10500;true;10500;false;10500;false;10500
20130531T115500;true;10800;false;10800;false;10800;false;10800;true;10800;true;10800
20130531T115600;true;10800;false;10800;false;10800;false;10800;true;10800;true;10800
20130531T115700;true;10800;false;10800;false;10800;false;10800;true;10800;true;10800
20130531T115800;true;10800;false;10800;false;10800;false;10800;true;10800;true;10800
20130531T115900;true;10800;false;10800;false;10800;false;10800;true;10800;true;10800
20130531T120000;false;11100;true;11100;true;11100;true;11100;false;11100;false;11100
20130531T120100;false;11100;true;11100;true;11100;true;11100;false;11100;false;11100
20130531T120200;false;11100;true;11100;true;11100;true;11100;false;11100;false;11100
20130531T120300;false;11100;true;11100;true;11100;true;11100;false;11100;false;11100
20130531T120400;false;11100;true;11100;true;11100;true;11100;false;11100;false;11100
20130531T120500;true;11400;false;11400;false;11400;false;11400;true;11400;true;11400
20130531T120600;true;11400;false;11400;false;11400;false;11400;true;11400;true;11400
20130531T120700;true;11400;false;11400;false;11400;false;11400;true;11400;true;11400
20130531T120800;true;11400;false;11400;false;11400;false;11400;true;11400;true;11400
20130531T120900;true;11400;false;11400;false;11400;false;11400;true;11400;true;11400
20130531T121000;false;11700;true;11700;true;11700;true;11700;false;11700;false;11700
20130531T121100;false;11700;true;11700;true;11700;true;11700;false;11700;false;11700
20130531T121200;false;11700;true;11700;true;11700;true;11700;false;11700;false;11700
20130531T121300;false;11700;true;11700;true;11700;true;11700;false;11700;false;11700
20130531T121400;false;11700;true;11700;true;11700;true;11700;false;11700;false;11700
20130531T121500;true;12000;false;12000;false;12000;false;12000;true;12000;true;12000
20130531T121600;true;12000;false;12000;false;12000;false;12000;true;12000;true;12000
20130531T121700;true;12000;false;12000;false;12000;false;12000;true;12000;true;12000
20130531T121800;true;12000;false;12000;false;12000;false;12000;true;12000;true;12000
20130531T121900;true;12000;false;12000;false;12000;false;12000;true;12000;true;12000
20130531T122000;false;12300;true;12300;true;12300;true;12300;false;12300;false;12300
20130531T122100;false;12300;true;12300;true;12300;true;12300;false;12300;false;12300
20130531T122200;false;12300;true;12300;true;12300;true;12300;false;12300;false;12300
20130531T122300;false;12300;true;12300;true;12300;true;12300;false;12300;false;12300
20130531T122400;false;12300;true;12300;true;12300;true;12300;false;12300;false;12300
20130531T122500;true;12600;false;12600;false;12600;false;12600;true;12600;true;12600
20130531T122600;true;12600;false;12600;false;12600;false;12600;true;12600;true;12600
20130531T122700;true;12600;false;12600;false;12600;false;12600;true;12600;true;12600
20130531T122800;true;12600;false;12600;false;12600;false;12600;true;12600;true;12600
20130531T122900;true;12600;false;12600;false;12600;false;12600;true;12600;true;12600
20130531T123000;false;12900;true;12900;true;12900;true;12900;false;12900;false;12900
20130531T123100;false;12900;true;12900;true;12900;true;12900;false;12900;false;12900
20130531T123200;false;12900;true;12900;true;12900;true;12900;false;12900;false;12900
20130531T123300;false;12900;true;12900;true;12900;true;12900;false;12900;false;12900
20130531T123400;false;12900;true;12900;true;12900;true;12900;false;12900;false;12900
20130531T123500;true;13200;false;13200;false;13200;false;13200;true;13200;true;13200
20130531T123600;true;13200;false;13200;false;13200;false;13200;true;13200;true;13200
20130531T123700;true;13200;false;13200;false;13200;false;13200;true;13200;true;13200
20130531T123800;true;13200;false;13200;false;13200;false;13200;true;13200;true;13200
20130531T123900;true;13200;false;13200;false;13200;false;13200;true;13200;true;13200
20130531T124000;false;13500;true;13500;true;13500;true;13500;false;13500;false;13500
20130531T124100;false;13500;true;13500;true;13500;true;13500;false;13500;false;13500
20130531T124200;false;13500;true;13500;true;13500;true;13500;false;13500;false;13500
20130531T124300;false;13500;true;13500;true;13500;true;13500;false;13500;false;13500
20130531T124400;false;13500;true;13500;true;13500;true;13500;false;13500;false;13500
20130531T124500;true;13800;false;13800;false;13800;false;13800;true;13800;true;13800
20130531T124600;true;13800;false;13800;false;13800;false;13800;true;13800;true;13800
20130531T124700;true;13800;false;13800;false;13800;false;13800;true;13800;true;13800
20130531T124800;true;13800;false;13800;false;13800;false;13800;true;13800;true;13800
20130531T124900;true;13800;false;13800;false;13800;false;13800;true;13800;true;13800
20130531T125000;false;14100;true;14100;true;14100;true;14100;false;14100;false;14100
20130531T125100;false;14100;true;14100;true;14100;true;14100;false;14100;false;14100
20130531T125200;false;14100;true;14100;true;14100;true;14100;false;14100;false;14100
20130531T125300;false;14100;true;14100;true;14100;true;14100;false;14100;false;14100
20130531T125400;false;14100;true;14100;true;14100;true;14100;false;14100;false;14100
20130531T125500;true;14400;false;14400;false;14400;false;14400;true;14400;true;14400
20130531T125600;true;14400;false;14400;false;14400;false;14400;true;14400;true;14400
20130531T125700;true;14400;false;14400;false;14400;false;14400;true;14400;true;14400
20130531T125800;true;14400;false;14400;false;14400;false;14400;true;14400;true;14400
20130531T125900;true;14400;false;14400;false;14400;false;14400;true;14400;true;14400
20130531T130000;false;14700;true;14700;true;14700;true;14700;false;14700;false;14700
20130531T130100;false;14700;true;14700;true;14700;true;14700;false;14700;false;14700
20130531T130200;false;14700;true;14700;true;14700;true;14700;false;14700;false;14700
20130531T130300;false;14700;true;14700;true;14700;true;14700;false;14700;false;14700
20130531T130400;false;14700;true;14700;true;14700;true;14700;false;14700;false;14700
20130531T130500;true;15000;false;15000;false;15000;false;15000;true;15000;true;15000
20130531T130600;true;15000;false;15000;false;15000;false;15000;true;15000;true;15000
20130531T130700;true;15000;false;15000;false;15000;false;15000;true;15000;true;15000
20130531T130800;true;15000;false;15000;false;15000;false;15000;true;15000;true;15000
20130531T130900;true;15000;false;15000;false;15000;false;15000;true;15000;true;15000
20130531T131000;false;15300;true;15300;true;15300;true;15300;false;15300;false;15300
20130531T131100;false;15300;true;15300;true;15300;true;15300;false;15300;false;15300
20130531T131200;false;15300;true;15300;true;15300;true;15300;false;15300;false;15300
20130531T131300;false;15300;true;15300;true;15300;true;15300;false;15300;false;15300
20130531T131400;false;15300;true;15300;true;15300;true;15300;false;15300;false;15300
20130531T131500;true;15600;false;15600;false;15600;false;15600;true;15600;true;15600
20130531T131600;true;15600;false;15600;false;15600;false;15600;true;15600;true;15600
20130531T131700;true;15600;false;15600;false;15600;false;15600;true;15600;true;15600
20130531T131800;true;15600;false;15600;false;15600;false;15600;true;15600;true;15600
20130531T131900;true;15600;false;15600;false;15600;false;15600;true;15600;true;15600
20130531T132000;false;15900;true;15900;true;15900;true;15900;false;15900;false;15900
20130531T132100;false;15900;true;15900;true;15900;true;15900;false;15900;false;15900
20130531T132200;false;15900;true;15900;true;15900;true;15900;false;15900;false;15900
20130531T132300;false;15900;true;15900;true;15900;true;15900;false;15900;false;15900
20130531T132400;false;15900;true;15900;true;15900;true;15900;false;15900;false;15900
20130531T132500;true;16200;false;16200;false;16200;false;16200;true;16200;true;16200
20130531T132600;true;16200;false;16200;false;16200;false;16200;true;16200;true;16200
20130531T132700;true;16200;false;16200;false;16200;false;16200;true;16200;true;16200
20130531T132800;true;16200;false;16200;false;16200;false;16200;true;16200;true;16200
20130531T132900;true;16200;false;16200;false;16200;false;16200;true;16200;true;16200
20130531T133000;false;16500;true;16500;true;16500;true;16500;false;16500;false;16500
20130531T133100;false;16500;true;16500;true;16500;true;16500;false;16500;false;16500
20130531T133200;false;16500;true;16500;true;16500;true;16500;false;16500;false;16500
20130531T133300;false;16500;true;16500;true;16500;true;16500;false;16500;false;16500
20130531T133400;false;16500;true;16500;true;16500;true;16500;false;16500;false;16500
20130531T133500;true;16800;false;16800;false;16800;false;16800;true;16800;true;16800
20130531T133600;true;16800;false;16800;false;16800;false;16800;true;16800;true;16800
20130531T133700;true;16800;false;16800;false;16800;false;16800;true;16800;true;16800
20130531T133800;true;16800;false;16800;false;16800;false;16800;true;16800;true;16800
20130531T133900;true;16800;false;16800;false;16800;false;16800;true;16800;true;16800
20130531T134000;false;17100;true;17100;true;17100;true;17100;false;17100;false;17100
20130531T134100;false;17100;true;17100;true;17100;true;17100;false;17100;false;17100
20130531T134200;false;17100;true;17100;true;17100;true;17100;false;17100;false;17100
20130531T134300;false;17100;true;17100;true;17100;true;17100;false;17100;false;17100
20130531T134400;false;17100;true;17100;true;17100;true;17100;false;17100;false;17100
20130531T134500;true;17400;false;17400;false;17400;false;17400;true;17400;true;17400
20130531T134600;true;17400;false;17400;false;17400;false;17400;true;17400;true;17400
20130531T134700;true;17400;false;17400;false;17400;false;17400;true;17400;true;17400
20130531T134800;true;17400;false;17400;false;17400;false;17400;true;17400;true;17400
20130531T134900;true;17400;false;17400;false;17400;false;17400;true;17400;true;17400
20130531T135000;false;17700;true;17700;true;17700;true;17700;false;17700;false;17700
20130531T135100;false;17700;true;17700;true;17700;true;17700;false;17700;false;17700
20130531T135200;false;17700;true;17700;true;17700;true;17700;false;17700;false;17700
20130531T135300;false;17700;true;17700;true;17700;true;17700;false;17700;false;17700
20130531T135400;false;17700;true;17700;true;17700;true;17700;false;17700;false;17700
20130531T135500;true;18000;false;18000;false;18000;false;18000;true;18000;true;18000
20130531T135600;true;18000;false;18000;false;18000;false;18000;true;18000;true;18000
20130531T135700;true;18000;false;18000;false;18000;false;18000;true;18000;true;18000
20130531T135800;true;18000;false;18000;false;18000;false;18000;true;18000;true;18000
20130531T135900;true;18000;false;18000;false;18000;false;18000;true;18000;true;18000
20130531T140000;false;18300;true;18300;true;18300;true;18300;false;18300;false;18300
20130531T140100;false;18300;true;18300;true;18300;true;18300;false;18300;false;18300
20130531T140200;false;18300;true;18300;true;18300;true;18300;false;18300;false;18300
20130531T140300;false;18300;true;18300;true;18300;true;18300;false;18300;false;18300
20130531T140400;false;18300;true;18300;true;18300;true;18300;false;18300;false;18300
20130531T140500;true;18600;false;18600;false;18600;false;18600;true;18600;true;18600
20130531T140600;true;18600;false;18600;false;18600;false;18600;true;18600;true;18600
20130531T140700;true;18600;false;18600;false;18600;false;18600;true;18600;true;18600
20130531T140800;true;18600;false;18600;false;18600;false;18600;true;18600;true;18600
20130531T140900;true;18600;false;18600;false;18600;false;18600;true;18600;true;18600
20130531T141000;false;18900;true;18900;true;18900;true;18900;false;18900;false;18900
20130531T141100;false;18900;true;18900;true;18900;true;18900;false;18900;false;18900
20130531T141200;false;18900;true;18900;true;18900;true;18900;false;18900;false;18900
20130531T141300;false;18900;true;18900;true;18900;true;18900;false;18900;false;18900
20130531T141400;false;18900;true;18900;true;18900;true;18900;false;18900;false;18900
20130531T141500;true;19200;false;19200;false;19200;false;19200;true;19200;true;19200
20130531T141600;true;19200;false;19200;false;19200;false;19200;true;19200;true;19200
20130531T141700;true;19200;false;19200;false;19200;false;19200;true;19200;true;19200
20130531T141800;true;19200;false;19200;false;19200;false;19200;true;19200;true;19200
20130531T141900;true;19200;false;19200;false;19200;false;19200;true;19200;true;19200
20130531T142000;false;19500;true;19500;true;19500;true;19500;false;19500;false;19500
20130531T142100;false;19500;true;19500;true;19500;true;19500;false;19500;false;19500
20130531T142200;false;19500;true;19500;true;19500;true;19500;false;19500;false;19500
20130531T142300;false;19500;true;19500;true;19500;true;19500;false;19500;false;19500
20130531T142400;false;19500;true;19500;true;19500;true;19500;false;19500;false;19500
20130531T142500;true;19800;false;19800;false;19800;false;19800;true;19800;true;19800
20130531T142600;true;19800;false;19800;false;19800;false;19800;true;19800;true;19800
20130531T142700;true;19800;false;19800;false;19800;false;19800;true;19800;true;19800
20130531T142800;true;19800;false;19800;false;19800;false;19800;true;19800;true;19800
20130531T142900;true;19800;false;19800;false;19800;false;19800;true;19800;true;19800
20130531T143000;false;20100;true;20100;true;20100;true;20100;false;20100;false;20100
20130531T143100;false;20100;true;20100;true;20100;true;20100;false;20100;false;20100
20130531T143200;false;20100;true;20100;true;20100;true;20100;false;20100;false;20100
20130531T143300;false;20100;true;20100;true;20100;true;20100;false;20100;false;20100
20130531T143400;false;20100;true;20100;true;20100;true;20100;false;20100;false;20100
20130531T143500;true;20400;false;20400;false;20400;false;20400;true;20400;true;20400
20130531T143600;true;20400;false;20400;false;20400;false;20400;true;20400;true;20400
20130531T143700;true;20400;false;20400;false;20400;false;20400;true;20400;true;20400
20130531T143800;true;20400;false;20400;false;20400;false;20400;true;20400;true;20400
20130531T143900;true;20400;false;20400;false;20400;false;20400;true;20400;true;20400
20130531T144000;false;20700;true;20700;true;20700;true;20700;false;20700;false;20700
20130531T144100;false;20700;true;20700;true;20700;true;20700;false;20700;false;20700
20130531T144200;false;20700;true;20700;true;20700;true;20700;false;20700;false;20700
20130531T144300;false;20700;true;20700;true;20700;true;20700;false;20700;false;20700
20130531T144400;false;20700;true;20700;true;20700;true;20700;false;20700;false;20700
20130531T144500;true;21000;false;21000;false;21000;false;21000;true;21000;true;21000
20130531T144600;true;21000;false;21000;false;21000;false;21000;true;21000;true;21000
20130531T144700;true;21000;false;21000;false;21000;false;21000;true;21000;true;21000
20130531T144800;true;21000;false;21000;false;21000;false;21000;true;21000;true;21000
20130531T144900;true;21000;false;21000;false;21000;false;21000;true;21000;true;21000
20130531T145000;false;21300;true;21300;true;21300;true;21300;false;21300;false;21300
20130531T145100;false;21300;true;21300;true;21300;true;21300;false;21300;false;21300
20130531T145200;false;21300;true;21300;true;21300;true;21300;false;21300;false;21300
20130531T145300;false;21300;true;21300;true;21300;true;21300;false;21300;false;21300
20130531T145400;false;21300;true;21300;true;21300;true;21300;false;21300;false;21300
20130531T145500;true;21600;false;21600;false;21600;false;21600;true;21600;true;21600
20130531T145600;true;21600;false;21600;false;21600;false;21600;true;21600;true;21600
20130531T145700;true;21600;false;21600;false;21600;false;21600;true;21600;true;21600
20130531T145800;true;21600;false;21600;false;21600;false;21600;true;21600;true;21600
20130531T145900;true;21600;false;21600;false;21600;false;21600;true;21600;true;21600
20130531T150000;false;21900;true;21900;true;21900;true;21900;false;21900;false;21900
20130531T150100;false;21900;true;21900;true;21900;true;21900;false;21900;false;21900
20130531T150200;false;21900;true;21900;true;21900;true;21900;false;21900;false;21900
20130531T150300;false;21900;true;21900;true;21900;true;21900;false;21900;false;21900
20130531T150400;false;21900;true;21900;true;21900;true;21900;false;21900;false;21900
20130531T150500;true;22200;false;22200;false;22200;false;22200;true;22200;true;22200
20130531T150600;true;22200;false;22200;false;22200;false;22200;true;22200;true;22200
20130531T150700;true;22200;false;22200;false;22200;false;22200;true;22200;true;22200
20130531T150800;true;22200;false;22200;false;22200;false;22200;true;22200;true;22200
20130531T150900;true;22200;false;22200;false;22200;false;22200;true;22200;true;22200
20130531T151000;false;22500;true;22500;true;22500;true;22500;false;22500;false;22500
20130531T151100;false;22500;true;22500;true;22500;true;22500;false;22500;false;22500
20130531T151200;false;22500;true;22500;true;22500;true;22500;false;22500;false;22500
20130531T151300;false;22500;true;22500;true;22500;true;22500;false;22500;false;22500
20130531T151400;false;22500;true;22500;true;22500;true;22500;false;22500;false;22500
20130531T151500;true;22800;false;22800;false;22800;false;22800;true;22800;true;22800
20130531T151600;true;22800;false;22800;false;22800;false;22800;true;22800;true;22800
20130531T151700;true;22800;false;22800;false;22800;false;22800;true;22800;true;22800
20130531T151800;true;22800;false;22800;false;22800;false;22800;true;22800;true;22800
20130531T151900;true;22800;false;22800;false;22800;false;22800;true;22800;true;22800
20130531T152000;false;23100;true;23100;true;23100;true;23100;false;23100;false;23100
20130531T152100;false;23100;true;23100;true;23100;true;23100;false;23100;false;23100
20130531T152200;false;23100;true;23100;true;23100;true;23100;false;23100;false;23100
20130531T152300;false;23100;true;23100;true;23100;true;23100;false;23100;false;23100
20130531T152400;false;23100;true;23100;true;23100;true;23100;false;23100;false;23100
20130531T152500;true;23400;false;23400;false;23400;false;23400;true;23400;true;23400
20130531T152600;true;23400;false;23400;false;23400;false;23400;true;23400;true;23400
20130531T152700;true;23400;false;23400;false;23400;false;23400;true;23400;true;23400
20130531T152800;true;23400;false;23400;false;23400;false;23400;true;23400;true;23400
20130531T152900;true;23400;false;23400;false;23400;false;23400;true;23400;true;23400
20130531T153000;false;23700;true;23700;true;23700;true;23700;false;23700;false;23700
20130531T153100;false;23700;true;23700;true;23700;true;23700;false;23700;false;23700
20130531T153200;false;23700;true;23700;true;23700;true;23700;false;23700;false;23700
20130531T153300;false;23700;true;23700;true;23700;true;23700;false;23700;false;23700
20130531T153400;false;23700;true;23700;true;23700;true;23700;false;23700;false;23700
20130531T153500;true;24000;false;24000;false;24000;false;24000;true;24000;true;24000
20130531T153600;true;24000;false;24000;false;24000;false;24000;true;24000;true;24000
20130531T153700;true;24000;false;24000;false;24000;false;24000;true;24000;true;24000
20130531T153800;true;24000;false;24000;false;24000;false;24000;true;24000;true;24000
20130531T153900;true;24000;false;24000;false;24000;false;24000;true;24000;true;24000
20130531T154000;false;24300;true;24300;true;24300;true;24300;false;24300;false;24300
20130531T154100;false;24300;true;24300;true;24300;true;24300;false;24300;false;24300
20130531T154200;false;24300;true;24300;true;24300;true;24300;false;24300;false;24300
20130531T154300;false;24300;true;24300;true;24300;true;24300;false;24300;false;24300
20130531T154400;false;24300;true;24300;true;24300;true;24300;false;24300;false;24300
20130531T154500;true;24600;false;24600;false;24600;false;24600;true;24600;true;24600
20130531T154600;true;24600;false;24600;false;24600;false;24600;true;24600;true;24600
20130531T154700;true;24600;false;24600;false;24600;false;24600;true;24600;true;24600
20130531T154800;true;24600;false;24600;false;24600;false;24600;true;24600;true;24600
20130531T154900;true;24600;false;24600;false;24600;false;24600;true;24600;true;24600
20130531T155000;false;24900;true;24900;true;24900;true;24900;false;24900;false;24900
20130531T155100;false;24900;true;24900;true;24900;true;24900;false;24900;false;24900
20130531T155200;false;24900;true;24900;true;24900;true;24900;false;24900;false;24900
20130531T155300;false;24900;true;24900;true;24900;true;24900;false;24900;false;24900
20130531T155400;false;24900;true;24900;true;24900;true;24900;false;24900;false;24900
20130531T155500;true;25200;false;25200;false;25200;false;25200;true;25200;true;25200
20130531T155600;true;25200;false;25200;false;25200;false;25200;true;25200;true;25200
20130531T155700;true;25200;false;25200;false;25200;false;25200;true;25200;true;25200
20130531T155800;true;25200;false;25200;false;25200;false;25200;true;25200;true;25200
20130531T155900;true;25200;false;25200;false;25200;false;25200;true;25200;true;25200
20130531T160000;false;25500;true;25500;true;25500;true;25500;false;25500;false;25500
20130531T160100;false;25500;true;25500;true;25500;true;25500;false;25500;false;25500
20130531T160200;false;25500;true;25500;true;25500;true;25500;false;25500;false;25500
20130531T160300;false;25500;true;25500;true;25500;true;25500;false;25500;false;25500
20130531T160400;false;25500;true;25500;true;25500;true;25500;false;25500;false;25500
20130531T160500;true;25800;false;25800;false;25800;false;25800;true;25800;true;25800
20130531T160600;true;25800;false;25800;false;25800;false;25800;true;25800;true;25800
20130531T160700;true;25800;false;25800;false;25800;false;25800;true;25800;true;25800
20130531T160800;true;25800;false;25800;false;25800;false;25800;true;25800;true;25800
20130531T160900;true;25800;false;25800;false;25800;false;25800;true;25800;true;25800
20130531T161000;false;26100;true;26100;true;26100;true;26100;false;26100;false;26100
20130531T161100;false;26100;true;26100;true;26100;true;26100;false;26100;false;26100
20130531T161200;false;26100;true;26100;true;26100;true;26100;false;26100;false;26100
20130531T161300;false;26100;true;26100;true;26100;true;26100;false;26100;false;26100
20130531T161400;false;26100;true;26100;true;26100;true;26100;false;26100;false;26100
20130531T161500;true;26400;false;26400;false;26400;false;26400;true;26400;true;26400
20130531T161600;true;26400;false;26400;false;26400;false;26400;true;26400;true;26400
20130531T161700;true;26400;false;26400;false;26400;false;26400;true;26400;true;26400
20130531T161800;true;26400;false;26400;false;26400;false;26400;true;26400;true;26400
20130531T161900;true;26400;false;26400;false;26400;false;26400;true;26400;true;26400
20130531T162000;false;26700;true;26700;true;26700;true;26700;false;26700;false;26700
20130531T162100;false;26700;true;26700;true;26700;true;26700;false;26700;false;26700
20130531T162200;false;26700;true;26700;true;26700;true;26700;false;26700;false;26700
20130531T162300;false;26700;true;26700;true;26700;true;26700;false;26700;false;26700
20130531T162400;false;26700;true;26700;true;26700;true;26700;false;26700;false;26700
20130531T162500;true;27000;false;27000;false;27000;false;27000;true;27000;true;27000
20130531T162600;true;27000;false;27000;false;27000;false;27000;true;27000;true;27000
20130531T162700;true;27000;false;27000;false;27000;false;27000;true;27000;true;27000
20130531T162800;true;27000;false;27000;false;27000;false;27000;true;27000;true;27000
20130531T162900;true;27000;false;27000;false;27000;false;27000;true;27000;true;27000
20130531T163000;false;27300;true;27300;true;27300;true;27300;false;27300;false;27300
20130531T163100;false;27300;true;27300;true;27300;true;27300;false;27300;false;27300
20130531T163200;false;27300;true;27300;true;27300;true;27300;false;27300;false;27300
20130531T163300;false;27300;true;27300;true;27300;true;27300;false;27300;false;27300
20130531T163400;false;27300;true;27300;true;27300;true;27300;false;27300;false;27300
20130531T163500;true;27600;false;27600;false;27600;false;27600;true;27600;true;27600
20130531T163600;true;27600;false;27600;false;27600;false;27600;true;27600;true;27600
20130531T163700;true;27600;false;27600;false;27600;false;27600;true;27600;true;27600
20130531T163800;true;27600;false;27600;false;27600;false;27600;true;27600;true;27600
20130531T163900;true;27600;false;27600;false;27600;false;27600;true;27600;true;27600
20130531T164000;false;27900;true;27900;true;27900;true;27900;false;27900;false;27900
20130531T164100;false;27900;true;27900;true;27900;true;27900;false;27900;false;27900
20130531T164200;false;27900;true;27900;true;27900;true;27900;false;27900;false;27900
20130531T164300;false;27900;true;27900;true;27900;true;27900;false;27900;false;27900
20130531T164400;false;27900;true;27900;true;27900;true;27900;false;27900;false;27900
20130531T164500;true;28200;false;28200;false;28200;false;28200;true;28200;true;28200
20130531T164600;true;28200;false;28200;false;28200;false;28200;true;28200;true;28200
20130531T164700;true;28200;false;28200;false;28200;false;28200;true;28200;true;28200
20130531T164800;true;28200;false;28200;false;28200;false;28200;true;28200;true;28200
20130531T164900;true;28200;false;28200;false;28200;false;28200;true;28200;true;28200
20130531T165000;false;28500;true;28500;true;28500;true;28500;false;28500;false;28500
20130531T165100;false;28500;true;28500;true;28500;true;28500;false;28500;false;28500
20130531T165200;false;28500;true;28500;true;28500;true;28500;false;28500;false;28500
20130531T165300;false;28500;true;28500;true;28500;true;28500;false;28500;false;28500
20130531T165400;false;28500;true;28500;true;28500;true;28500;false;28500;false;28500
20130531T165500;true;28800;false;28800;false;28800;false;28800;true;28800;true;28800
20130531T165600;true;28800;false;28800;false;28800;false;28800;true;28800;true;28800
20130531T165700;true;28800;false;28800;false;28800;false;28800;true;28800;true;28800
20130531T165800;true;28800;false;28800;false;28800;false;28800;true;28800;true;28800
20130531T165900;true;28800;false;28800;false;28800;false;28800;true;28800;true;28800
20130531T170000;false;29100;true;29100;true;29100;true;29100;false;29100;false;29100
